"","state","naics","emp","OCC_CODE.x","OCC_Title","TOT_EMP","vulrat"
"1","Alabama","53",41770,41,"All Occupations",1943760,0.0214892785117504
"2","Alabama","11",13690,41,"All Occupations",1943760,0.00704305058237643
"3","Alabama","21",9220,41,"All Occupations",1943760,0.0047433839568671
"4","Alabama","22",18070,41,"All Occupations",1943760,0.0092964151952916
"5","Alabama","44",269740,41,"All Occupations",1943760,0.138772276412726
"6","Alabama","45",61440,41,"All Occupations",1943760,0.0316088405976046
"7","Alabama","48",102900,41,"All Occupations",1943760,0.0529386343993086
"8","Alabama","49",35440,41,"All Occupations",1943760,0.0182327036259621
"9","Alabama","51",21970,41,"All Occupations",1943760,0.011302835741038
"10","Alabama","52",78790,41,"All Occupations",1943760,0.0405348396921431
"11","Alabama","31",220290,41,"All Occupations",1943760,0.113331892826275
"12","Alabama","32",77570,41,"All Occupations",1943760,0.0399071901880891
"13","Alabama","33",110900,41,"All Occupations",1943760,0.0570543688521217
"14","Alabama","23",201710,41,"All Occupations",1943760,0.103773099559616
"15","Alabama","71",33670,41,"All Occupations",1943760,0.0173220973782772
"16","Alabama","72",365840,41,"All Occupations",1943760,0.188212536527143
"17","Alabama","81",70440,41,"All Occupations",1943760,0.0362390418570194
"18","Alabama","42",90280,41,"All Occupations",1943760,0.0464460632999959
"19","Alabama","54",60180,41,"All Occupations",1943760,0.0309606124212866
"20","Alabama","55",15180,41,"All Occupations",1943760,0.00780960612421287
"21","Alabama","56",321920,41,"All Occupations",1943760,0.165617154381199
"22","Alabama","99",156640,41,"All Occupations",1943760,0.0805860805860806
"23","Alabama","62",130490,41,"All Occupations",1943760,0.0671327735934478
"24","Alabama","61",91570,41,"All Occupations",1943760,0.047109725480512
"25","Alaska","23",25510,25,"All Occupations",315250,0.0809199048374306
"26","Alaska","31",12040,25,"All Occupations",315250,0.0381919111816019
"27","Alaska","22",2650,25,"All Occupations",315250,0.00840602696272799
"28","Alaska","54",4850,25,"All Occupations",315250,0.0153846153846154
"29","Alaska","55",2220,25,"All Occupations",315250,0.00704203013481364
"30","Alaska","56",16700,25,"All Occupations",315250,0.0529738302934179
"31","Alaska","21",11710,25,"All Occupations",315250,0.0371451229183188
"32","Alaska","99",36150,25,"All Occupations",315250,0.114670896114195
"33","Alaska","48",26180,25,"All Occupations",315250,0.08304520222046
"34","Alaska","49",3650,25,"All Occupations",315250,0.0115781126090404
"35","Alaska","51",3440,25,"All Occupations",315250,0.0109119746233148
"36","Alaska","52",6280,25,"All Occupations",315250,0.0199206978588422
"37","Alaska","53",6470,25,"All Occupations",315250,0.0205233941316416
"38","Alaska","71",2470,25,"All Occupations",315250,0.00783505154639175
"39","Alaska","72",57970,25,"All Occupations",315250,0.183885804916733
"40","Alaska","61",14150,25,"All Occupations",315250,0.0448850118953212
"41","Alaska","62",18950,25,"All Occupations",315250,0.0601110229976209
"42","Alaska","32",710,25,"All Occupations",315250,0.00225218080888184
"43","Alaska","33",190,25,"All Occupations",315250,0.000602696272799366
"44","Alaska","81",8240,25,"All Occupations",315250,0.0261379857256146
"45","Alaska","45",9430,25,"All Occupations",315250,0.0299127676447264
"46","Alaska","42",4460,25,"All Occupations",315250,0.0141475019825535
"47","Alaska","44",27150,25,"All Occupations",315250,0.086122125297383
"48","Arizona","33",50500,41,"All Occupations",2789520,0.0181034729989389
"49","Arizona","42",96390,41,"All Occupations",2789520,0.0345543319280736
"50","Arizona","21",25420,41,"All Occupations",2789520,0.00911267888382231
"51","Arizona","22",8330,41,"All Occupations",2789520,0.00298617683329032
"52","Arizona","23",348500,41,"All Occupations",2789520,0.12493188792337
"53","Arizona","31",86160,41,"All Occupations",2789520,0.0308870343284866
"54","Arizona","32",27660,41,"All Occupations",2789520,0.00991568441882474
"55","Arizona","62",166870,41,"All Occupations",2789520,0.0598203275115432
"56","Arizona","71",82990,41,"All Occupations",2789520,0.0297506381026126
"57","Arizona","72",633090,41,"All Occupations",2789520,0.226953024176202
"58","Arizona","11",5960,41,"All Occupations",2789520,0.00213656829848863
"59","Arizona","53",72380,41,"All Occupations",2789520,0.0259471163497663
"60","Arizona","54",88390,41,"All Occupations",2789520,0.0316864550173507
"61","Arizona","55",22290,41,"All Occupations",2789520,0.00799062204250194
"62","Arizona","56",452720,41,"All Occupations",2789520,0.162293154377814
"63","Arizona","61",117410,41,"All Occupations",2789520,0.0420896785109983
"64","Arizona","48",130160,41,"All Occupations",2789520,0.0466603573374631
"65","Arizona","49",40810,41,"All Occupations",2789520,0.0146297570908257
"66","Arizona","51",31470,41,"All Occupations",2789520,0.0112815107975566
"67","Arizona","44",323870,41,"All Occupations",2789520,0.116102411884482
"68","Arizona","45",69640,41,"All Occupations",2789520,0.0249648685078436
"69","Arizona","52",135010,41,"All Occupations",2789520,0.0483990077145889
"70","Arizona","99",158150,41,"All Occupations",2789520,0.0566943416788551
"71","Arizona","81",102270,41,"All Occupations",2789520,0.036662221457455
"72","Arkansas","81",34790,41,"All Occupations",1210120,0.0287492149538889
"73","Arkansas","99",78880,41,"All Occupations",1210120,0.0651836181535715
"74","Arkansas","56",139500,41,"All Occupations",1210120,0.115277823686907
"75","Arkansas","61",54530,41,"All Occupations",1210120,0.0450616467788319
"76","Arkansas","45",25820,41,"All Occupations",1210120,0.0213367269361716
"77","Arkansas","72",197410,41,"All Occupations",1210120,0.163132581892705
"78","Arkansas","42",48850,41,"All Occupations",1210120,0.0403678973986051
"79","Arkansas","62",87470,41,"All Occupations",1210120,0.072282087726837
"80","Arkansas","48",109870,41,"All Occupations",1210120,0.0907926486629425
"81","Arkansas","49",20650,41,"All Occupations",1210120,0.0170644233629723
"82","Arkansas","44",137270,41,"All Occupations",1210120,0.113435031236572
"83","Arkansas","71",14420,41,"All Occupations",1210120,0.0119161736026179
"84","Arkansas","53",25120,41,"All Occupations",1210120,0.0207582719069183
"85","Arkansas","54",26460,41,"All Occupations",1210120,0.0218656001057746
"86","Arkansas","55",17010,41,"All Occupations",1210120,0.0140564572108551
"87","Arkansas","23",113100,41,"All Occupations",1210120,0.0934618054407827
"88","Arkansas","31",167630,41,"All Occupations",1210120,0.138523452219615
"89","Arkansas","32",47950,41,"All Occupations",1210120,0.0396241695038509
"90","Arkansas","33",41700,41,"All Occupations",1210120,0.0344593924569464
"91","Arkansas","22",11670,41,"All Occupations",1210120,0.00964367170197997
"92","Arkansas","52",44180,41,"All Occupations",1210120,0.0365087759891581
"93","Arkansas","11",8420,41,"All Occupations",1210120,0.00695798763758966
"94","Arkansas","21",5320,41,"All Occupations",1210120,0.00439625822232506
"95","Arkansas","51",11750,41,"All Occupations",1210120,0.00970978084818035
"96","California","11",116670,41,"All Occupations",17007690,0.0068598381085262
"97","California","51",327090,41,"All Occupations",17007690,0.0192318886339062
"98","California","21",31120,41,"All Occupations",17007690,0.00182976053773323
"99","California","48",848940,41,"All Occupations",17007690,0.0499150678310811
"100","California","49",312610,41,"All Occupations",17007690,0.0183805090520817
"101","California","42",783910,41,"All Occupations",17007690,0.0460915033140891
"102","California","44",1931870,41,"All Occupations",17007690,0.113588029885305
"103","California","45",401870,41,"All Occupations",17007690,0.023628723242251
"104","California","33",492510,41,"All Occupations",17007690,0.0289580771991964
"105","California","22",57800,41,"All Occupations",17007690,0.00339846269540426
"106","California","23",1867190,41,"All Occupations",17007690,0.109785044294669
"107","California","52",373660,41,"All Occupations",17007690,0.0219700617779369
"108","California","99",907800,41,"All Occupations",17007690,0.0533758552748786
"109","California","61",622750,41,"All Occupations",17007690,0.0366157896810208
"110","California","62",913130,41,"All Occupations",17007690,0.0536892429248181
"111","California","31",952700,41,"All Occupations",17007690,0.0560158375417238
"112","California","32",274830,41,"All Occupations",17007690,0.0161591609442552
"113","California","81",767640,41,"All Occupations",17007690,0.0451348772231855
"114","California","53",513380,41,"All Occupations",17007690,0.0301851691793536
"115","California","71",468270,41,"All Occupations",17007690,0.0275328395566946
"116","California","72",3633820,41,"All Occupations",17007690,0.213657469062524
"117","California","56",2754040,41,"All Occupations",17007690,0.161929103834795
"118","California","54",581240,41,"All Occupations",17007690,0.034175129015169
"119","California","55",148200,41,"All Occupations",17007690,0.00871370538856247
"120","Colorado","55",18690,41,"All Occupations",2620640,0.00713184565602296
"121","Colorado","54",87590,41,"All Occupations",2620640,0.03342313328042
"122","Colorado","21",36870,41,"All Occupations",2620640,0.0140690823615605
"123","Colorado","22",10770,41,"All Occupations",2620640,0.00410968313083827
"124","Colorado","23",351920,41,"All Occupations",2620640,0.134287807558459
"125","Colorado","31",110260,41,"All Occupations",2620640,0.0420736919225838
"126","Colorado","48",118030,41,"All Occupations",2620640,0.0450386165211551
"127","Colorado","49",28760,41,"All Occupations",2620640,0.0109744184626656
"128","Colorado","51",35950,41,"All Occupations",2620640,0.013718023078332
"129","Colorado","52",81600,41,"All Occupations",2620640,0.0311374320776604
"130","Colorado","53",82380,41,"All Occupations",2620640,0.0314350692960498
"131","Colorado","11",6390,41,"All Occupations",2620640,0.00243833567372855
"132","Colorado","33",41100,41,"All Occupations",2620640,0.0156831918920569
"133","Colorado","42",93080,41,"All Occupations",2620640,0.0355180413944685
"134","Colorado","44",261620,41,"All Occupations",2620640,0.0998305757372245
"135","Colorado","32",29450,41,"All Occupations",2620640,0.011237712925087
"136","Colorado","81",104550,41,"All Occupations",2620640,0.0398948348495024
"137","Colorado","99",145530,41,"All Occupations",2620640,0.0555322364002686
"138","Colorado","62",146770,41,"All Occupations",2620640,0.0560054032602723
"139","Colorado","45",70180,41,"All Occupations",2620640,0.0267797179314976
"140","Colorado","56",339720,41,"All Occupations",2620640,0.129632456193907
"141","Colorado","61",102650,41,"All Occupations",2620640,0.0391698211124
"142","Colorado","71",68510,41,"All Occupations",2620640,0.0261424690152024
"143","Colorado","72",564820,41,"All Occupations",2620640,0.215527504731669
"144","Connecticut","32",21630,41,"All Occupations",1660200,0.0130285507770148
"145","Connecticut","31",75320,41,"All Occupations",1660200,0.0453680279484399
"146","Connecticut","11",510,41,"All Occupations",1660200,0.000307191904589808
"147","Connecticut","21",540,41,"All Occupations",1660200,0.000325262016624503
"148","Connecticut","23",125400,41,"All Occupations",1660200,0.0755330683050235
"149","Connecticut","55",14490,41,"All Occupations",1660200,0.0087278641127575
"150","Connecticut","56",206640,41,"All Occupations",1660200,0.124466931694977
"151","Connecticut","61",72480,41,"All Occupations",1660200,0.0436573906758222
"152","Connecticut","22",7470,41,"All Occupations",1660200,0.00449945789663896
"153","Connecticut","48",46360,41,"All Occupations",1660200,0.0279243464642814
"154","Connecticut","49",28840,41,"All Occupations",1660200,0.0173714010360198
"155","Connecticut","51",18450,41,"All Occupations",1660200,0.0111131189013372
"156","Connecticut","52",57680,41,"All Occupations",1660200,0.0347428020720395
"157","Connecticut","53",30680,41,"All Occupations",1660200,0.0184797012408144
"158","Connecticut","54",43420,41,"All Occupations",1660200,0.0261534754848813
"159","Connecticut","72",314230,41,"All Occupations",1660200,0.18927237682207
"160","Connecticut","81",75950,41,"All Occupations",1660200,0.0457475003011685
"161","Connecticut","62",118290,41,"All Occupations",1660200,0.0712504517528009
"162","Connecticut","71",38260,41,"All Occupations",1660200,0.0230454162149139
"163","Connecticut","33",72860,41,"All Occupations",1660200,0.043886278761595
"164","Connecticut","42",64470,41,"All Occupations",1660200,0.0388326707625587
"165","Connecticut","99",74660,41,"All Occupations",1660200,0.0449704854836767
"166","Connecticut","45",44950,41,"All Occupations",1660200,0.0270750511986508
"167","Connecticut","44",197940,41,"All Occupations",1660200,0.119226599204915
"168","Delaware","44",60270,41,"All Occupations",448510,0.13437827473189
"169","Delaware","45",13260,41,"All Occupations",448510,0.0295645582038305
"170","Delaware","22",340,41,"All Occupations",448510,0.000758065594970012
"171","Delaware","23",40920,41,"All Occupations",448510,0.091235423959332
"172","Delaware","31",28600,41,"All Occupations",448510,0.0637666941651245
"173","Delaware","32",2990,41,"All Occupations",448510,0.00666651802635393
"174","Delaware","33",1010,41,"All Occupations",448510,0.00225190073799915
"175","Delaware","42",7640,41,"All Occupations",448510,0.0170341798399144
"176","Delaware","72",87320,41,"All Occupations",448510,0.194689081625828
"177","Delaware","81",12960,41,"All Occupations",448510,0.028895676796504
"178","Delaware","99",21420,41,"All Occupations",448510,0.0477581324831107
"179","Delaware","11",510,41,"All Occupations",448510,0.00113709839245502
"180","Delaware","55",4650,41,"All Occupations",448510,0.0103676618135605
"181","Delaware","56",67020,41,"All Occupations",448510,0.149428106396736
"182","Delaware","61",21340,41,"All Occupations",448510,0.0475797641078237
"183","Delaware","62",21360,41,"All Occupations",448510,0.0476243562016454
"184","Delaware","71",10190,41,"All Occupations",448510,0.0227196718021895
"185","Delaware","51",740,41,"All Occupations",448510,0.00164990747140532
"186","Delaware","52",23140,41,"All Occupations",448510,0.0515930525517826
"187","Delaware","53",8300,41,"All Occupations",448510,0.0185057189360326
"188","Delaware","48",12710,41,"All Occupations",448510,0.0283382756237319
"189","Delaware","49",6700,41,"All Occupations",448510,0.0149383514302914
"190","Delaware","54",10510,41,"All Occupations",448510,0.0234331453033377
"191","District of Columbia","55",810,NA,NA,NA,NA
"192","District of Columbia","56",104270,NA,NA,NA,NA
"193","District of Columbia","61",19730,NA,NA,NA,NA
"194","District of Columbia","62",24600,NA,NA,NA,NA
"195","District of Columbia","71",6610,NA,NA,NA,NA
"196","District of Columbia","72",156610,NA,NA,NA,NA
"197","District of Columbia","81",34830,NA,NA,NA,NA
"198","District of Columbia","99",9660,NA,NA,NA,NA
"199","District of Columbia","48",5630,NA,NA,NA,NA
"200","District of Columbia","49",3800,NA,NA,NA,NA
"201","District of Columbia","51",3190,NA,NA,NA,NA
"202","District of Columbia","52",6640,NA,NA,NA,NA
"203","District of Columbia","53",15980,NA,NA,NA,NA
"204","District of Columbia","54",35690,NA,NA,NA,NA
"205","District of Columbia","42",930,NA,NA,NA,NA
"206","District of Columbia","22",180,NA,NA,NA,NA
"207","District of Columbia","23",24790,NA,NA,NA,NA
"208","District of Columbia","44",23690,NA,NA,NA,NA
"209","District of Columbia","45",2250,NA,NA,NA,NA
"210","Florida","32",115220,41,"All Occupations",8608660,0.0133841968436435
"211","Florida","33",142820,41,"All Occupations",8608660,0.0165902707273838
"212","Florida","11",22310,41,"All Occupations",8608660,0.00259157638935676
"213","Florida","21",6790,41,"All Occupations",8608660,0.000788740640239015
"214","Florida","42",381650,41,"All Occupations",8608660,0.044333264410489
"215","Florida","23",1232110,41,"All Occupations",8608660,0.143124481626641
"216","Florida","31",245610,41,"All Occupations",8608660,0.0285305727023718
"217","Florida","54",381240,41,"All Occupations",8608660,0.0442856379506218
"218","Florida","22",38280,41,"All Occupations",8608660,0.00444668508223115
"219","Florida","56",1596700,41,"All Occupations",8608660,0.185476020658267
"220","Florida","61",295600,41,"All Occupations",8608660,0.0343375159432478
"221","Florida","44",1211360,41,"All Occupations",8608660,0.140714118108974
"222","Florida","55",70530,41,"All Occupations",8608660,0.00819291271812338
"223","Florida","72",2192700,41,"All Occupations",8608660,0.254708630611501
"224","Florida","45",269640,41,"All Occupations",8608660,0.0313219478989761
"225","Florida","48",467450,41,"All Occupations",8608660,0.0542999723534209
"226","Florida","49",132630,41,"All Occupations",8608660,0.0154065789565391
"227","Florida","51",137060,41,"All Occupations",8608660,0.0159211770472989
"228","Florida","52",381910,41,"All Occupations",8608660,0.0443634665557706
"229","Florida","53",326230,41,"All Occupations",8608660,0.0378955609816162
"230","Florida","62",621850,41,"All Occupations",8608660,0.0722354001668088
"231","Florida","71",315680,41,"All Occupations",8608660,0.0366700508557662
"232","Florida","81",407650,41,"All Occupations",8608660,0.0473534789386501
"233","Florida","99",409630,41,"All Occupations",8608660,0.0475834798911794
"234","Georgia","45",124120,41,"All Occupations",4394740,0.0282428539572307
"235","Georgia","44",513400,41,"All Occupations",4394740,0.116821472942654
"236","Georgia","52",138010,41,"All Occupations",4394740,0.0314034504885386
"237","Georgia","48",269590,41,"All Occupations",4394740,0.0613437882559605
"238","Georgia","42",244750,41,"All Occupations",4394740,0.0556915767485676
"239","Georgia","55",45690,41,"All Occupations",4394740,0.0103965194755549
"240","Georgia","56",765020,41,"All Occupations",4394740,0.174076282100875
"241","Georgia","61",132610,41,"All Occupations",4394740,0.0301747088564966
"242","Georgia","62",200540,41,"All Occupations",4394740,0.0456318234980909
"243","Georgia","71",81840,41,"All Occupations",4394740,0.0186222620678356
"244","Georgia","72",904770,41,"All Occupations",4394740,0.205875660448627
"245","Georgia","81",143780,41,"All Occupations",4394740,0.03271638367685
"246","Georgia","99",244870,41,"All Occupations",4394740,0.0557188821181685
"247","Georgia","49",118610,41,"All Occupations",4394740,0.0269890824030546
"248","Georgia","51",80610,41,"All Occupations",4394740,0.0183423820294261
"249","Georgia","21",9390,41,"All Occupations",4394740,0.00213664517127293
"250","Georgia","53",105180,41,"All Occupations",4394740,0.0239331564552169
"251","Georgia","54",130580,41,"All Occupations",4394740,0.0297127930207475
"252","Georgia","11",16280,41,"All Occupations",4394740,0.00370442847585978
"253","Georgia","32",133500,41,"All Occupations",4394740,0.0303772236810369
"254","Georgia","22",29220,41,"All Occupations",4394740,0.00664885749782695
"255","Georgia","23",415000,41,"All Occupations",4394740,0.0944310698698899
"256","Georgia","31",402670,41,"All Occupations",4394740,0.0916254431433941
"257","Georgia","33",96920,41,"All Occupations",4394740,0.0220536368476861
"258","Guam","23",6570,NA,NA,NA,NA
"259","Guam","31",650,NA,NA,NA,NA
"260","Guam","42",1030,NA,NA,NA,NA
"261","Guam","44",5330,NA,NA,NA,NA
"262","Guam","45",180,NA,NA,NA,NA
"263","Guam","48",750,NA,NA,NA,NA
"264","Guam","49",80,NA,NA,NA,NA
"265","Guam","51",1080,NA,NA,NA,NA
"266","Guam","52",1380,NA,NA,NA,NA
"267","Guam","53",1500,NA,NA,NA,NA
"268","Guam","54",630,NA,NA,NA,NA
"269","Guam","56",5540,NA,NA,NA,NA
"270","Guam","61",840,NA,NA,NA,NA
"271","Guam","62",590,NA,NA,NA,NA
"272","Guam","71",1220,NA,NA,NA,NA
"273","Guam","72",24160,NA,NA,NA,NA
"274","Guam","81",1290,NA,NA,NA,NA
"275","Guam","99",1470,NA,NA,NA,NA
"276","Hawaii","42",16840,NA,NA,NA,NA
"277","Hawaii","44",65260,NA,NA,NA,NA
"278","Hawaii","45",10670,NA,NA,NA,NA
"279","Hawaii","48",30860,NA,NA,NA,NA
"280","Hawaii","49",4590,NA,NA,NA,NA
"281","Hawaii","51",5450,NA,NA,NA,NA
"282","Hawaii","52",13940,NA,NA,NA,NA
"283","Hawaii","53",18260,NA,NA,NA,NA
"284","Hawaii","54",10520,NA,NA,NA,NA
"285","Hawaii","55",5370,NA,NA,NA,NA
"286","Hawaii","56",84270,NA,NA,NA,NA
"287","Hawaii","61",27190,NA,NA,NA,NA
"288","Hawaii","62",29500,NA,NA,NA,NA
"289","Hawaii","71",16800,NA,NA,NA,NA
"290","Hawaii","72",242570,NA,NA,NA,NA
"291","Hawaii","11",390,NA,NA,NA,NA
"292","Hawaii","21",150,NA,NA,NA,NA
"293","Hawaii","22",3350,NA,NA,NA,NA
"294","Hawaii","23",65130,NA,NA,NA,NA
"295","Hawaii","31",15240,NA,NA,NA,NA
"296","Hawaii","32",420,NA,NA,NA,NA
"297","Hawaii","33",770,NA,NA,NA,NA
"298","Hawaii","81",32720,NA,NA,NA,NA
"299","Hawaii","99",46740,NA,NA,NA,NA
"300","Idaho","11",6230,41,"All Occupations",706140,0.00882261307955929
"301","Idaho","99",48010,41,"All Occupations",706140,0.0679893505537146
"302","Idaho","48",37560,41,"All Occupations",706140,0.0531905854363157
"303","Idaho","49",7360,41,"All Occupations",706140,0.0104228623219192
"304","Idaho","51",7050,41,"All Occupations",706140,0.0099838558925992
"305","Idaho","52",27240,41,"All Occupations",706140,0.0385759197892769
"306","Idaho","21",3690,41,"All Occupations",706140,0.00522559265867958
"307","Idaho","22",5160,41,"All Occupations",706140,0.00730733282351942
"308","Idaho","23",96310,41,"All Occupations",706140,0.136389384541309
"309","Idaho","31",55910,41,"All Occupations",706140,0.0791769337525137
"310","Idaho","32",12250,41,"All Occupations",706140,0.0173478347069986
"311","Idaho","33",9870,41,"All Occupations",706140,0.0139773982496389
"312","Idaho","42",33660,41,"All Occupations",706140,0.0476676013255162
"313","Idaho","44",91520,41,"All Occupations",706140,0.12960602713343
"314","Idaho","45",18060,41,"All Occupations",706140,0.025575664882318
"315","Idaho","53",12630,41,"All Occupations",706140,0.0178859716203586
"316","Idaho","54",19790,41,"All Occupations",706140,0.0280256039878778
"317","Idaho","55",4620,41,"All Occupations",706140,0.00654261194663948
"318","Idaho","56",92680,41,"All Occupations",706140,0.131248760868949
"319","Idaho","61",29370,41,"All Occupations",706140,0.0415923188036367
"320","Idaho","62",43610,41,"All Occupations",706140,0.0617582915569151
"321","Idaho","71",15700,41,"All Occupations",706140,0.0222335514203982
"322","Idaho","72",149900,41,"All Occupations",706140,0.212280850822783
"323","Idaho","81",24280,41,"All Occupations",706140,0.0343841164641572
"324","Illinois","21",12630,41,"All Occupations",5991270,0.00210806723783104
"325","Illinois","22",36000,41,"All Occupations",5991270,0.00600874272065856
"326","Illinois","23",457410,41,"All Occupations",5991270,0.0763460835515675
"327","Illinois","11",2980,41,"All Occupations",5991270,0.000497390369654514
"328","Illinois","52",221950,41,"All Occupations",5991270,0.0370455679680602
"329","Illinois","53",124780,41,"All Occupations",5991270,0.0208269699078826
"330","Illinois","54",227310,41,"All Occupations",5991270,0.0379402029953582
"331","Illinois","55",36510,41,"All Occupations",5991270,0.00609386657586789
"332","Illinois","31",431750,41,"All Occupations",5991270,0.0720631852678981
"333","Illinois","32",154450,41,"All Occupations",5991270,0.0257791753668254
"334","Illinois","33",262240,41,"All Occupations",5991270,0.0437703525295972
"335","Illinois","42",336870,41,"All Occupations",5991270,0.0562268100085625
"336","Illinois","44",629920,41,"All Occupations",5991270,0.105139644849923
"337","Illinois","45",138970,41,"All Occupations",5991270,0.0231954159969422
"338","Illinois","48",418660,41,"All Occupations",5991270,0.0698783396508587
"339","Illinois","49",161970,41,"All Occupations",5991270,0.027034334957363
"340","Illinois","51",65210,41,"All Occupations",5991270,0.0108841698003929
"341","Illinois","62",400420,41,"All Occupations",5991270,0.066833910005725
"342","Illinois","71",128230,41,"All Occupations",5991270,0.0214028077519457
"343","Illinois","56",1090060,41,"All Occupations",5991270,0.181941391391141
"344","Illinois","61",288660,41,"All Occupations",5991270,0.0481801020484805
"345","Illinois","99",318740,41,"All Occupations",5991270,0.0532007404106308
"346","Illinois","72",1028590,41,"All Occupations",5991270,0.171681463195616
"347","Illinois","81",244030,41,"All Occupations",5991270,0.0407309301700641
"348","Indiana","55",24360,41,"All Occupations",3048100,0.00799186378399659
"349","Indiana","54",68290,41,"All Occupations",3048100,0.0224041205997179
"350","Indiana","71",59480,41,"All Occupations",3048100,0.0195137954791509
"351","Indiana","56",449700,41,"All Occupations",3048100,0.147534529707031
"352","Indiana","61",127810,41,"All Occupations",3048100,0.0419310390079066
"353","Indiana","62",201400,41,"All Occupations",3048100,0.0660739477051278
"354","Indiana","11",2200,41,"All Occupations",3048100,0.000721761097076868
"355","Indiana","21",9850,41,"All Occupations",3048100,0.0032315212755487
"356","Indiana","22",25070,41,"All Occupations",3048100,0.00822479577441685
"357","Indiana","23",319740,41,"All Occupations",3048100,0.104898133263344
"358","Indiana","31",347960,41,"All Occupations",3048100,0.114156359699485
"359","Indiana","32",127250,41,"All Occupations",3048100,0.0417473180013779
"360","Indiana","72",510900,41,"All Occupations",3048100,0.167612611134805
"361","Indiana","81",119440,41,"All Occupations",3048100,0.039185066106755
"362","Indiana","99",143750,41,"All Occupations",3048100,0.0471605262294544
"363","Indiana","45",86550,41,"All Occupations",3048100,0.0283947377054559
"364","Indiana","48",216300,41,"All Occupations",3048100,0.0709622387716938
"365","Indiana","49",110200,41,"All Occupations",3048100,0.0361536694990322
"366","Indiana","51",25850,41,"All Occupations",3048100,0.00848069289065319
"367","Indiana","52",99560,41,"All Occupations",3048100,0.0326629703749877
"368","Indiana","53",59520,41,"All Occupations",3048100,0.0195269184081887
"369","Indiana","33",285650,41,"All Occupations",3048100,0.0937141169909124
"370","Indiana","42",148710,41,"All Occupations",3048100,0.0487877694301368
"371","Indiana","44",330800,41,"All Occupations",3048100,0.108526623142285
"372","Iowa","45",34960,23,"All Occupations",1541700,0.0226762664591036
"373","Iowa","33",64560,23,"All Occupations",1541700,0.0418758513329442
"374","Iowa","42",90290,23,"All Occupations",1541700,0.0585652202114549
"375","Iowa","44",208970,23,"All Occupations",1541700,0.13554517740157
"376","Iowa","11",3400,23,"All Occupations",1541700,0.0022053577219952
"377","Iowa","21",3460,23,"All Occupations",1541700,0.00224427579944217
"378","Iowa","22",8940,23,"All Occupations",1541700,0.00579879353959914
"379","Iowa","23",186310,23,"All Occupations",1541700,0.120847116819096
"380","Iowa","31",212510,23,"All Occupations",1541700,0.137841343970941
"381","Iowa","32",50420,23,"All Occupations",1541700,0.0327041577479406
"382","Iowa","61",64120,23,"All Occupations",1541700,0.041590452098333
"383","Iowa","62",108770,23,"All Occupations",1541700,0.0705519880651229
"384","Iowa","71",30170,23,"All Occupations",1541700,0.0195693066095868
"385","Iowa","72",251540,23,"All Occupations",1541700,0.163157553350198
"386","Iowa","81",53240,23,"All Occupations",1541700,0.0345333073879484
"387","Iowa","48",112750,23,"All Occupations",1541700,0.0731335538691055
"388","Iowa","49",27160,23,"All Occupations",1541700,0.0176169163909969
"389","Iowa","51",22730,23,"All Occupations",1541700,0.014743465006162
"390","Iowa","52",79940,23,"All Occupations",1541700,0.0518518518518519
"391","Iowa","53",23740,23,"All Occupations",1541700,0.0153985859765194
"392","Iowa","54",28790,23,"All Occupations",1541700,0.0186741908283064
"393","Iowa","55",13260,23,"All Occupations",1541700,0.00860089511578128
"394","Iowa","56",150100,23,"All Occupations",1541700,0.0973600570798469
"395","Iowa","99",86240,23,"All Occupations",1541700,0.0559382499837841
"396","Kansas","44",159660,41,"All Occupations",1375380,0.116084282162021
"397","Kansas","48",77280,41,"All Occupations",1375380,0.0561881080137853
"398","Kansas","49",32510,41,"All Occupations",1375380,0.0236371039276418
"399","Kansas","51",19770,41,"All Occupations",1375380,0.0143742093094272
"400","Kansas","45",31580,41,"All Occupations",1375380,0.022960927161948
"401","Kansas","53",23950,41,"All Occupations",1375380,0.0174133693960942
"402","Kansas","54",41810,41,"All Occupations",1375380,0.0303988715845803
"403","Kansas","55",8640,41,"All Occupations",1375380,0.00628190027483314
"404","Kansas","56",148770,41,"All Occupations",1375380,0.108166470357283
"405","Kansas","61",73150,41,"All Occupations",1375380,0.0531853015166718
"406","Kansas","62",92450,41,"All Occupations",1375380,0.0672177870842967
"407","Kansas","71",23080,41,"All Occupations",1375380,0.0167808169378644
"408","Kansas","72",220460,41,"All Occupations",1375380,0.160290247058995
"409","Kansas","81",44810,41,"All Occupations",1375380,0.0325800869577862
"410","Kansas","99",98400,41,"All Occupations",1375380,0.0715438642411552
"411","Kansas","21",11920,41,"All Occupations",1375380,0.00866669574953831
"412","Kansas","22",9250,41,"All Occupations",1375380,0.00672541406738501
"413","Kansas","52",60570,41,"All Occupations",1375380,0.0440387383850281
"414","Kansas","11",2310,41,"All Occupations",1375380,0.00167953583736858
"415","Kansas","32",34090,41,"All Occupations",1375380,0.0247858773575303
"416","Kansas","33",71650,41,"All Occupations",1375380,0.0520946938300688
"417","Kansas","23",124190,41,"All Occupations",1375380,0.0902950457328157
"418","Kansas","31",146340,41,"All Occupations",1375380,0.106399685904986
"419","Kansas","42",68760,41,"All Occupations",1375380,0.0499934563538804
"420","Kentucky","11",7460,41,"All Occupations",1889870,0.00394736145872467
"421","Kentucky","21",18130,41,"All Occupations",1889870,0.00959325244593543
"422","Kentucky","48",131360,41,"All Occupations",1889870,0.069507426436739
"423","Kentucky","49",52260,41,"All Occupations",1889870,0.0276526956880632
"424","Kentucky","51",22330,41,"All Occupations",1889870,0.0118156275299359
"425","Kentucky","52",61300,41,"All Occupations",1889870,0.0324360934879119
"426","Kentucky","53",33780,41,"All Occupations",1889870,0.0178742453184611
"427","Kentucky","22",10660,41,"All Occupations",1889870,0.00564059961796314
"428","Kentucky","23",171220,41,"All Occupations",1889870,0.0905988242577532
"429","Kentucky","31",187740,41,"All Occupations",1889870,0.0993401662548218
"430","Kentucky","32",76250,41,"All Occupations",1889870,0.0403466905131041
"431","Kentucky","33",89250,41,"All Occupations",1889870,0.0472254705350103
"432","Kentucky","42",93560,41,"All Occupations",1889870,0.0495060506807347
"433","Kentucky","44",234260,41,"All Occupations",1889870,0.123955615994751
"434","Kentucky","45",58300,41,"All Occupations",1889870,0.0308486827136258
"435","Kentucky","99",103710,41,"All Occupations",1889870,0.0548767904670692
"436","Kentucky","54",54470,41,"All Occupations",1889870,0.0288220882917873
"437","Kentucky","55",12780,41,"All Occupations",1889870,0.00676236989845862
"438","Kentucky","56",266750,41,"All Occupations",1889870,0.141147274680269
"439","Kentucky","61",116590,41,"All Occupations",1889870,0.061692074058004
"440","Kentucky","62",121090,41,"All Occupations",1889870,0.0640731902194331
"441","Kentucky","71",34520,41,"All Occupations",1889870,0.018265806642785
"442","Kentucky","72",310150,41,"All Occupations",1889870,0.164111817214941
"443","Kentucky","81",60230,41,"All Occupations",1889870,0.0318699169784165
"444","Louisiana","21",48580,41,"All Occupations",1913770,0.0253844505870611
"445","Louisiana","22",12370,41,"All Occupations",1913770,0.00646368163363414
"446","Louisiana","23",276030,41,"All Occupations",1913770,0.144233633090706
"447","Louisiana","31",86410,41,"All Occupations",1913770,0.0451517162459439
"448","Louisiana","11",6130,41,"All Occupations",1913770,0.00320310173113802
"449","Louisiana","53",46220,41,"All Occupations",1913770,0.0241512825470145
"450","Louisiana","54",69500,41,"All Occupations",1913770,0.0363157537217116
"451","Louisiana","55",17040,41,"All Occupations",1913770,0.00890389127220094
"452","Louisiana","56",227980,41,"All Occupations",1913770,0.119126122783825
"453","Louisiana","32",56800,41,"All Occupations",1913770,0.0296796375740031
"454","Louisiana","33",33600,41,"All Occupations",1913770,0.0175569687057483
"455","Louisiana","42",72940,41,"All Occupations",1913770,0.0381132528987287
"456","Louisiana","44",270110,41,"All Occupations",1913770,0.141140262413979
"457","Louisiana","45",65520,41,"All Occupations",1913770,0.0342360889762093
"458","Louisiana","48",109800,41,"All Occupations",1913770,0.057373665591999
"459","Louisiana","49",25920,41,"All Occupations",1913770,0.0135439472872916
"460","Louisiana","51",21790,41,"All Occupations",1913770,0.01138590321721
"461","Louisiana","52",57300,41,"All Occupations",1913770,0.0299409019892673
"462","Louisiana","71",44010,41,"All Occupations",1913770,0.0229964938315472
"463","Louisiana","72",500720,41,"All Occupations",1913770,0.261640636022093
"464","Louisiana","61",45820,41,"All Occupations",1913770,0.0239422710148032
"465","Louisiana","62",131180,41,"All Occupations",1913770,0.0685453319886925
"466","Louisiana","81",71700,41,"All Occupations",1913770,0.0374653171488737
"467","Louisiana","99",120040,41,"All Occupations",1913770,0.0627243608166081
"468","Maine","56",62010,23,"All Occupations",605550,0.102402774337379
"469","Maine","61",30340,23,"All Occupations",605550,0.050103211956073
"470","Maine","72",123950,23,"All Occupations",605550,0.204689951283957
"471","Maine","81",18330,23,"All Occupations",605550,0.0302700024770869
"472","Maine","62",46280,23,"All Occupations",605550,0.0764263892329287
"473","Maine","71",8370,23,"All Occupations",605550,0.013822145157295
"474","Maine","11",4540,23,"All Occupations",605550,0.0074973164891421
"475","Maine","22",1350,23,"All Occupations",605550,0.00222937825117662
"476","Maine","23",54510,23,"All Occupations",605550,0.0900173396086203
"477","Maine","31",34140,23,"All Occupations",605550,0.0563784988853109
"478","Maine","32",14800,23,"All Occupations",605550,0.0244405911980844
"479","Maine","33",6490,23,"All Occupations",605550,0.0107175295186194
"480","Maine","42",17090,23,"All Occupations",605550,0.0282222772685988
"481","Maine","99",40610,23,"All Occupations",605550,0.0670630005779869
"482","Maine","45",14080,23,"All Occupations",605550,0.0232515894641235
"483","Maine","48",21980,23,"All Occupations",605550,0.0362975807117496
"484","Maine","49",10440,23,"All Occupations",605550,0.0172405251424325
"485","Maine","51",7060,23,"All Occupations",605550,0.0116588225580051
"486","Maine","52",16580,23,"All Occupations",605550,0.0273800677070432
"487","Maine","53",10990,23,"All Occupations",605550,0.0181487903558748
"488","Maine","54",11560,23,"All Occupations",605550,0.0190900833952605
"489","Maine","55",6810,23,"All Occupations",605550,0.0112459747337132
"490","Maine","44",87350,23,"All Occupations",605550,0.144249029807613
"491","Maryland","45",62600,41,"All Occupations",2684010,0.0233233110159798
"492","Maryland","48",100060,41,"All Occupations",2684010,0.0372800399402387
"493","Maryland","49",42420,41,"All Occupations",2684010,0.0158047101165793
"494","Maryland","44",332700,41,"All Occupations",2684010,0.12395631908972
"495","Maryland","11",1420,41,"All Occupations",2684010,0.000529059131672386
"496","Maryland","21",940,41,"All Occupations",2684010,0.000350222242092988
"497","Maryland","22",11000,41,"All Occupations",2684010,0.00409834538619454
"498","Maryland","23",333590,41,"All Occupations",2684010,0.124287912489149
"499","Maryland","31",68230,41,"All Occupations",2684010,0.0254209187000048
"500","Maryland","32",26470,41,"All Occupations",2684010,0.00986210930659722
"501","Maryland","33",16210,41,"All Occupations",2684010,0.00603947079183759
"502","Maryland","42",81960,41,"All Occupations",2684010,0.0305363988956822
"503","Maryland","71",51140,41,"All Occupations",2684010,0.0190535802772717
"504","Maryland","72",515580,41,"All Occupations",2684010,0.192093174019471
"505","Maryland","81",112720,41,"All Occupations",2684010,0.0419968629028953
"506","Maryland","99",169440,41,"All Occupations",2684010,0.0631294220215275
"507","Maryland","54",104950,41,"All Occupations",2684010,0.0391019407528288
"508","Maryland","51",30040,41,"All Occupations",2684010,0.011192208672844
"509","Maryland","52",63260,41,"All Occupations",2684010,0.0235692117391515
"510","Maryland","53",72080,41,"All Occupations",2684010,0.0268553395851729
"511","Maryland","62",176700,41,"All Occupations",2684010,0.0658343299764159
"512","Maryland","55",14940,41,"All Occupations",2684010,0.00556629818815876
"513","Maryland","56",369600,41,"All Occupations",2684010,0.137704404976136
"514","Maryland","61",125750,41,"All Occupations",2684010,0.0468515393012694
"515","Massachusetts","53",71570,11,"All Occupations",3571360,0.0200399847677075
"516","Massachusetts","48",106580,11,"All Occupations",3571360,0.0298429729850813
"517","Massachusetts","49",45500,11,"All Occupations",3571360,0.0127402446126966
"518","Massachusetts","51",49580,11,"All Occupations",3571360,0.0138826665471977
"519","Massachusetts","52",116500,11,"All Occupations",3571360,0.0326206263160253
"520","Massachusetts","11",600,11,"All Occupations",3571360,0.000168003225661933
"521","Massachusetts","54",131830,11,"All Occupations",3571360,0.0369131087316876
"522","Massachusetts","55",41250,11,"All Occupations",3571360,0.0115502217642579
"523","Massachusetts","56",432700,11,"All Occupations",3571360,0.121158326239864
"524","Massachusetts","61",157740,11,"All Occupations",3571360,0.0441680480265221
"525","Massachusetts","62",223100,11,"All Occupations",3571360,0.0624691994086286
"526","Massachusetts","71",80890,11,"All Occupations",3571360,0.0226496348729896
"527","Massachusetts","72",660470,11,"All Occupations",3571360,0.184935150754895
"528","Massachusetts","81",140370,11,"All Occupations",3571360,0.0393043546436092
"529","Massachusetts","99",164600,11,"All Occupations",3571360,0.0460888849065902
"530","Massachusetts","21",1110,11,"All Occupations",3571360,0.000310805967474575
"531","Massachusetts","22",19260,11,"All Occupations",3571360,0.00539290354374804
"532","Massachusetts","23",315930,11,"All Occupations",3571360,0.0884620984722907
"533","Massachusetts","31",143000,11,"All Occupations",3571360,0.0400407687827606
"534","Massachusetts","32",50790,11,"All Occupations",3571360,0.0142214730522826
"535","Massachusetts","33",86620,11,"All Occupations",3571360,0.024254065678061
"536","Massachusetts","42",119390,11,"All Occupations",3571360,0.0334298418529636
"537","Massachusetts","44",392420,11,"All Occupations",3571360,0.109879709690426
"538","Massachusetts","45",76870,11,"All Occupations",3571360,0.0215240132610546
"539","Michigan","21",7850,41,"All Occupations",4317830,0.00181804285949192
"540","Michigan","22",32460,41,"All Occupations",4317830,0.00751766512345322
"541","Michigan","23",368810,41,"All Occupations",4317830,0.0854155907018109
"542","Michigan","11",6780,41,"All Occupations",4317830,0.00157023319584143
"543","Michigan","51",47700,41,"All Occupations",4317830,0.011047215846849
"544","Michigan","52",144220,41,"All Occupations",4317830,0.0334010370950223
"545","Michigan","53",94510,41,"All Occupations",4317830,0.0218883096370167
"546","Michigan","54",148730,41,"All Occupations",4317830,0.0344455432474183
"547","Michigan","55",33810,41,"All Occupations",4317830,0.00783032217572253
"548","Michigan","31",374440,41,"All Occupations",4317830,0.0867194864086821
"549","Michigan","32",132830,41,"All Occupations",4317830,0.0307631379651353
"550","Michigan","33",385050,41,"All Occupations",4317830,0.0891767392417024
"551","Michigan","42",191180,41,"All Occupations",4317830,0.0442768705576644
"552","Michigan","44",500520,41,"All Occupations",4317830,0.115919339112471
"553","Michigan","45",101430,41,"All Occupations",4317830,0.0234909665271676
"554","Michigan","48",223310,41,"All Occupations",4317830,0.051718108401674
"555","Michigan","49",72040,41,"All Occupations",4317830,0.0166843067003564
"556","Michigan","71",96410,41,"All Occupations",4317830,0.0223283454883587
"557","Michigan","56",648810,41,"All Occupations",4317830,0.150262979320631
"558","Michigan","61",173270,41,"All Occupations",4317830,0.0401289536642249
"559","Michigan","62",265470,41,"All Occupations",4317830,0.0614822723451363
"560","Michigan","72",781410,41,"All Occupations",4317830,0.180972849787972
"561","Michigan","81",174120,41,"All Occupations",4317830,0.0403258118082463
"562","Michigan","99",2e+05,41,"All Occupations",4317830,0.0463195632991572
"563","Minnesota","22",13820,41,"All Occupations",2867700,0.00481919308156362
"564","Minnesota","33",118430,41,"All Occupations",2867700,0.0412979042438191
"565","Minnesota","23",246780,41,"All Occupations",2867700,0.0860550266764306
"566","Minnesota","31",225430,41,"All Occupations",2867700,0.0786100359172856
"567","Minnesota","32",78440,41,"All Occupations",2867700,0.0273529309202497
"568","Minnesota","53",51940,41,"All Occupations",2867700,0.0181120758796248
"569","Minnesota","54",68110,41,"All Occupations",2867700,0.0237507410119608
"570","Minnesota","55",38040,41,"All Occupations",2867700,0.0132649858771838
"571","Minnesota","56",283730,41,"All Occupations",2867700,0.0989399170066604
"572","Minnesota","61",100150,41,"All Occupations",2867700,0.0349234578233427
"573","Minnesota","62",177810,41,"All Occupations",2867700,0.0620043937650382
"574","Minnesota","42",143440,41,"All Occupations",2867700,0.0500191791331032
"575","Minnesota","44",322710,41,"All Occupations",2867700,0.112532691704153
"576","Minnesota","45",58970,41,"All Occupations",2867700,0.0205635178017226
"577","Minnesota","48",142680,41,"All Occupations",2867700,0.0497541583847683
"578","Minnesota","49",46740,41,"All Occupations",2867700,0.0162987760225965
"579","Minnesota","51",31110,41,"All Occupations",2867700,0.0108484151061827
"580","Minnesota","52",113640,41,"All Occupations",2867700,0.0396275761062873
"581","Minnesota","11",4360,41,"All Occupations",2867700,0.00152038218781602
"582","Minnesota","21",4990,41,"All Occupations",2867700,0.00174007043972522
"583","Minnesota","72",456680,41,"All Occupations",2867700,0.159249572828399
"584","Minnesota","81",112170,41,"All Occupations",2867700,0.0391149701851658
"585","Minnesota","99",141740,41,"All Occupations",2867700,0.0494263695644593
"586","Minnesota","71",73190,41,"All Occupations",2867700,0.025522195487673
"587","Mississippi","61",63790,23,"All Occupations",1123830,0.0567612539263056
"588","Mississippi","62",69710,23,"All Occupations",1123830,0.0620289545571839
"589","Mississippi","71",13660,23,"All Occupations",1123830,0.0121548632800335
"590","Mississippi","72",296250,23,"All Occupations",1123830,0.263607485117856
"591","Mississippi","81",33430,23,"All Occupations",1123830,0.029746491907139
"592","Mississippi","99",79280,23,"All Occupations",1123830,0.0705444773675734
"593","Mississippi","44",153600,23,"All Occupations",1123830,0.136675475828195
"594","Mississippi","11",9370,23,"All Occupations",1123830,0.00833755995123818
"595","Mississippi","21",6330,23,"All Occupations",1123830,0.00563252449213849
"596","Mississippi","22",12120,23,"All Occupations",1123830,0.0107845492645685
"597","Mississippi","23",100250,23,"All Occupations",1123830,0.0892038831495867
"598","Mississippi","31",125930,23,"All Occupations",1123830,0.112054314264613
"599","Mississippi","32",31950,23,"All Occupations",1123830,0.0284295667494194
"600","Mississippi","33",49180,23,"All Occupations",1123830,0.0437610670653035
"601","Mississippi","42",41510,23,"All Occupations",1123830,0.0369361914168513
"602","Mississippi","51",12010,23,"All Occupations",1123830,0.0106866696920353
"603","Mississippi","45",35110,23,"All Occupations",1123830,0.0312413799240099
"604","Mississippi","48",76130,23,"All Occupations",1123830,0.0677415623359405
"605","Mississippi","49",31130,23,"All Occupations",1123830,0.0276999190268991
"606","Mississippi","55",7980,23,"All Occupations",1123830,0.00710071808013668
"607","Mississippi","52",34770,23,"All Occupations",1123830,0.0309388430634527
"608","Mississippi","53",18580,23,"All Occupations",1123830,0.0165327496151553
"609","Mississippi","54",20680,23,"All Occupations",1123830,0.0184013596362439
"610","Mississippi","56",157870,23,"All Occupations",1123830,0.140474982871075
"611","Missouri","11",2500,41,"All Occupations",2804780,0.000891335505815073
"612","Missouri","48",163600,41,"All Occupations",2804780,0.0583289955005384
"613","Missouri","49",53490,41,"All Occupations",2804780,0.0190710144824193
"614","Missouri","51",37070,41,"All Occupations",2804780,0.0132167228802259
"615","Missouri","52",99440,41,"All Occupations",2804780,0.0354537610793003
"616","Missouri","21",4860,41,"All Occupations",2804780,0.0017327562233045
"617","Missouri","22",18740,41,"All Occupations",2804780,0.00668145095158979
"618","Missouri","23",260220,41,"All Occupations",2804780,0.0927773301292793
"619","Missouri","31",222280,41,"All Occupations",2804780,0.0792504224930298
"620","Missouri","32",87710,41,"All Occupations",2804780,0.031271614886016
"621","Missouri","33",85630,41,"All Occupations",2804780,0.0305300237451779
"622","Missouri","42",143800,41,"All Occupations",2804780,0.051269618294483
"623","Missouri","44",345270,41,"All Occupations",2804780,0.123100564037108
"624","Missouri","45",67650,41,"All Occupations",2804780,0.0241195387873559
"625","Missouri","81",95520,41,"All Occupations",2804780,0.0340561470061823
"626","Missouri","99",175130,41,"All Occupations",2804780,0.0624398348533575
"627","Missouri","54",82990,41,"All Occupations",2804780,0.0295887734510372
"628","Missouri","55",42510,41,"All Occupations",2804780,0.0151562689408795
"629","Missouri","56",338670,41,"All Occupations",2804780,0.120747438301756
"630","Missouri","53",56930,41,"All Occupations",2804780,0.0202974921384208
"631","Missouri","62",187240,41,"All Occupations",2804780,0.0667574640435257
"632","Missouri","71",55100,41,"All Occupations",2804780,0.0196450345481642
"633","Missouri","72",519050,41,"All Occupations",2804780,0.185059077717325
"634","Missouri","61",117700,41,"All Occupations",2804780,0.0419640756137736
"635","Montana","53",8500,23,"All Occupations",463280,0.018347435676049
"636","Montana","54",12100,23,"All Occupations",463280,0.0261181143153169
"637","Montana","55",1650,23,"All Occupations",463280,0.00356156104299776
"638","Montana","51",3300,23,"All Occupations",463280,0.00712312208599551
"639","Montana","52",14490,23,"All Occupations",463280,0.031276981523053
"640","Montana","11",1370,23,"All Occupations",463280,0.00295717492661026
"641","Montana","21",7870,23,"All Occupations",463280,0.0169875669141772
"642","Montana","22",4360,23,"All Occupations",463280,0.00941115524089104
"643","Montana","56",37600,23,"All Occupations",463280,0.081160421343464
"644","Montana","61",19820,23,"All Occupations",463280,0.0427819029528579
"645","Montana","62",28140,23,"All Occupations",463280,0.0607408046969435
"646","Montana","71",17400,23,"All Occupations",463280,0.0375582800897945
"647","Montana","72",114960,23,"All Occupations",463280,0.248143671213953
"648","Montana","81",21590,23,"All Occupations",463280,0.0466024866171646
"649","Montana","99",37380,23,"All Occupations",463280,0.080685546537731
"650","Montana","48",22160,23,"All Occupations",463280,0.047832844068382
"651","Montana","49",5100,23,"All Occupations",463280,0.0110084614056294
"652","Montana","23",56240,23,"All Occupations",463280,0.121395268520117
"653","Montana","31",15590,23,"All Occupations",463280,0.0336513555517182
"654","Montana","32",7170,23,"All Occupations",463280,0.0154766016232084
"655","Montana","33",3170,23,"All Occupations",463280,0.00684251424624417
"656","Montana","42",19880,23,"All Occupations",463280,0.0429114142635123
"657","Montana","44",65280,23,"All Occupations",463280,0.140908305992057
"658","Montana","45",11310,23,"All Occupations",463280,0.0244128820583664
"659","Nebraska","32",16680,41,"All Occupations",978290,0.0170501589508224
"660","Nebraska","22",850,41,"All Occupations",978290,0.000868863016079077
"661","Nebraska","23",104230,41,"All Occupations",978290,0.106543049606967
"662","Nebraska","31",119420,41,"All Occupations",978290,0.122070142800192
"663","Nebraska","11",550,41,"All Occupations",978290,0.000562205480992344
"664","Nebraska","21",1210,41,"All Occupations",978290,0.00123685205818316
"665","Nebraska","53",14820,41,"All Occupations",978290,0.0151488822332846
"666","Nebraska","54",24380,41,"All Occupations",978290,0.0249210356847152
"667","Nebraska","55",11670,41,"All Occupations",978290,0.0119289781148739
"668","Nebraska","56",103890,41,"All Occupations",978290,0.106195504400536
"669","Nebraska","61",42500,41,"All Occupations",978290,0.0434431508039538
"670","Nebraska","33",20920,41,"All Occupations",978290,0.0213842521133815
"671","Nebraska","42",54560,41,"All Occupations",978290,0.0557707837144405
"672","Nebraska","44",110870,41,"All Occupations",978290,0.11333040305022
"673","Nebraska","45",21590,41,"All Occupations",978290,0.0220691206084086
"674","Nebraska","48",86470,41,"All Occupations",978290,0.0883889235298327
"675","Nebraska","49",15050,41,"All Occupations",978290,0.0153839863435178
"676","Nebraska","51",12530,41,"All Occupations",978290,0.0128080630487892
"677","Nebraska","52",50250,41,"All Occupations",978290,0.0513651371270278
"678","Nebraska","81",29070,41,"All Occupations",978290,0.0297151151499044
"679","Nebraska","62",53510,41,"All Occupations",978290,0.0546974823416369
"680","Nebraska","71",19230,41,"All Occupations",978290,0.0196567479990596
"681","Nebraska","72",146440,41,"All Occupations",978290,0.149689764793671
"682","Nebraska","99",63800,41,"All Occupations",978290,0.0652158357951119
"683","Nevada","31",36760,41,"All Occupations",1347130,0.0272876411333724
"684","Nevada","33",12960,41,"All Occupations",1347130,0.00962045236911063
"685","Nevada","42",39470,41,"All Occupations",1347130,0.0292993252321602
"686","Nevada","44",148140,41,"All Occupations",1347130,0.109967115274695
"687","Nevada","32",14300,41,"All Occupations",1347130,0.0106151596356699
"688","Nevada","53",40640,41,"All Occupations",1347130,0.0301678382932605
"689","Nevada","54",40680,41,"All Occupations",1347130,0.0301975310474861
"690","Nevada","55",16320,41,"All Occupations",1347130,0.0121146437240652
"691","Nevada","56",260740,41,"All Occupations",1347130,0.1935522184199
"692","Nevada","61",29900,41,"All Occupations",1347130,0.0221953337836734
"693","Nevada","62",58990,41,"All Occupations",1347130,0.0437893892942775
"694","Nevada","71",40650,41,"All Occupations",1347130,0.0301752614818169
"695","Nevada","72",685590,41,"All Occupations",1347130,0.508926384239086
"696","Nevada","45",33480,41,"All Occupations",1347130,0.0248528352868691
"697","Nevada","48",79450,41,"All Occupations",1347130,0.0589772330806975
"698","Nevada","49",38180,41,"All Occupations",1347130,0.028341733908383
"699","Nevada","51",11760,41,"All Occupations",1347130,0.00872966974234112
"700","Nevada","52",29530,41,"All Occupations",1347130,0.0219206758070862
"701","Nevada","11",100,41,"All Occupations",1347130,7.42318855641252e-05
"702","Nevada","21",25050,41,"All Occupations",1347130,0.0185950873338134
"703","Nevada","22",4240,41,"All Occupations",1347130,0.00314743194791891
"704","Nevada","23",189720,41,"All Occupations",1347130,0.140832733292258
"705","Nevada","81",49430,41,"All Occupations",1347130,0.0366928210343471
"706","Nevada","99",54710,41,"All Occupations",1347130,0.0406122645921329
"707","New Hampshire","71",16790,23,"All Occupations",652920,0.0257152484224714
"708","New Hampshire","72",131190,23,"All Occupations",652920,0.200928138209888
"709","New Hampshire","45",24120,23,"All Occupations",652920,0.0369417386509833
"710","New Hampshire","48",18100,23,"All Occupations",652920,0.0277216198002818
"711","New Hampshire","81",29590,23,"All Occupations",652920,0.0453194878392452
"712","New Hampshire","99",38250,23,"All Occupations",652920,0.0585829810696563
"713","New Hampshire","11",960,23,"All Occupations",652920,0.00147031795625804
"714","New Hampshire","21",790,23,"All Occupations",652920,0.00120994915150401
"715","New Hampshire","22",2320,23,"All Occupations",652920,0.00355326839429027
"716","New Hampshire","23",53260,23,"All Occupations",652920,0.0815720149482326
"717","New Hampshire","31",33300,23,"All Occupations",652920,0.0510016541077008
"718","New Hampshire","32",10900,23,"All Occupations",652920,0.0166942351283465
"719","New Hampshire","33",23580,23,"All Occupations",652920,0.0361146848005881
"720","New Hampshire","42",20720,23,"All Occupations",652920,0.0317343625559027
"721","New Hampshire","44",90720,23,"All Occupations",652920,0.138945046866385
"722","New Hampshire","52",22690,23,"All Occupations",652920,0.0347515775286406
"723","New Hampshire","53",11670,23,"All Occupations",652920,0.0178735526557618
"724","New Hampshire","49",7390,23,"All Occupations",652920,0.011318385100778
"725","New Hampshire","51",8470,23,"All Occupations",652920,0.0129724928015683
"726","New Hampshire","56",64270,23,"All Occupations",652920,0.098434724009067
"727","New Hampshire","61",28180,23,"All Occupations",652920,0.0431599583409912
"728","New Hampshire","54",17720,23,"All Occupations",652920,0.0271396189425963
"729","New Hampshire","55",4500,23,"All Occupations",652920,0.00689211541995957
"730","New Hampshire","62",40960,23,"All Occupations",652920,0.0627335661336764
"731","New Jersey","11",1100,41,"All Occupations",4050170,0.00027159353804902
"732","New Jersey","21",600,41,"All Occupations",4050170,0.00014814192984492
"733","New Jersey","49",159120,41,"All Occupations",4050170,0.0392872397948728
"734","New Jersey","51",45340,41,"All Occupations",4050170,0.0111945918319478
"735","New Jersey","52",120670,41,"All Occupations",4050170,0.0297938111239775
"736","New Jersey","53",103260,41,"All Occupations",4050170,0.0254952261263107
"737","New Jersey","22",22190,41,"All Occupations",4050170,0.00547878237209796
"738","New Jersey","23",302240,41,"All Occupations",4050170,0.0746240281272144
"739","New Jersey","31",184870,41,"All Occupations",4050170,0.045644997617384
"740","New Jersey","32",95370,41,"All Occupations",4050170,0.02354715974885
"741","New Jersey","33",55670,41,"All Occupations",4050170,0.0137451020574445
"742","New Jersey","42",245000,41,"All Occupations",4050170,0.060491288020009
"743","New Jersey","44",511500,41,"All Occupations",4050170,0.126290995192794
"744","New Jersey","45",88200,41,"All Occupations",4050170,0.0217768636872033
"745","New Jersey","48",244670,41,"All Occupations",4050170,0.0604098099585943
"746","New Jersey","99",241220,41,"All Occupations",4050170,0.059557993861986
"747","New Jersey","54",151100,41,"All Occupations",4050170,0.037307075999279
"748","New Jersey","55",42120,41,"All Occupations",4050170,0.0103995634751134
"749","New Jersey","56",723600,41,"All Occupations",4050170,0.178659167392974
"750","New Jersey","61",149730,41,"All Occupations",4050170,0.0369688185927998
"751","New Jersey","62",318240,41,"All Occupations",4050170,0.0785744795897456
"752","New Jersey","71",93750,41,"All Occupations",4050170,0.0231471765382688
"753","New Jersey","72",721980,41,"All Occupations",4050170,0.178259184182392
"754","New Jersey","81",178680,41,"All Occupations",4050170,0.0441166667078172
"755","New Mexico","53",18570,23,"All Occupations",811680,0.0228784742755766
"756","New Mexico","54",32210,23,"All Occupations",811680,0.0396831263552139
"757","New Mexico","55",3870,23,"All Occupations",811680,0.00476788882318155
"758","New Mexico","56",96640,23,"All Occupations",811680,0.1190616991918
"759","New Mexico","52",27060,23,"All Occupations",811680,0.0333382613837966
"760","New Mexico","11",2310,23,"All Occupations",811680,0.00284594914251922
"761","New Mexico","21",36590,23,"All Occupations",811680,0.0450793416124581
"762","New Mexico","22",7030,23,"All Occupations",811680,0.00866104868913858
"763","New Mexico","23",107020,23,"All Occupations",811680,0.131849990143899
"764","New Mexico","61",38000,23,"All Occupations",811680,0.0468164794007491
"765","New Mexico","62",48790,23,"All Occupations",811680,0.0601098955253302
"766","New Mexico","71",13980,23,"All Occupations",811680,0.0172235363690124
"767","New Mexico","72",191490,23,"All Occupations",811680,0.235918095801301
"768","New Mexico","81",28670,23,"All Occupations",811680,0.0353218016952494
"769","New Mexico","99",72080,23,"All Occupations",811680,0.0888034693475261
"770","New Mexico","48",33030,23,"All Occupations",811680,0.0406933767001774
"771","New Mexico","49",6440,23,"All Occupations",811680,0.00793416124581116
"772","New Mexico","51",7600,23,"All Occupations",811680,0.00936329588014981
"773","New Mexico","31",20940,23,"All Occupations",811680,0.0257983441750444
"774","New Mexico","32",3700,23,"All Occupations",811680,0.00455844667849399
"775","New Mexico","33",3740,23,"All Occupations",811680,0.00460772718312636
"776","New Mexico","42",25170,23,"All Occupations",811680,0.0310097575399172
"777","New Mexico","44",95610,23,"All Occupations",811680,0.117792726197516
"778","New Mexico","45",22960,23,"All Occupations",811680,0.0282870096589789
"779","New York","32",141230,41,"All Occupations",9385620,0.0150474875394486
"780","New York","33",158860,41,"All Occupations",9385620,0.0169258930150592
"781","New York","23",858320,41,"All Occupations",9385620,0.0914505381637015
"782","New York","31",336700,41,"All Occupations",9385620,0.0358740285671059
"783","New York","11",4610,41,"All Occupations",9385620,0.000491176928109171
"784","New York","21",8780,41,"All Occupations",9385620,0.000935473628806621
"785","New York","22",64060,41,"All Occupations",9385620,0.00682533492726107
"786","New York","54",377080,41,"All Occupations",9385620,0.0401763548918452
"787","New York","55",92730,41,"All Occupations",9385620,0.00988000792702027
"788","New York","56",1162000,41,"All Occupations",9385620,0.1238064187555
"789","New York","61",514430,41,"All Occupations",9385620,0.0548104440622996
"790","New York","62",816740,41,"All Occupations",9385620,0.0870203566732938
"791","New York","42",366930,41,"All Occupations",9385620,0.0390949132822339
"792","New York","44",981360,41,"All Occupations",9385620,0.104559954483561
"793","New York","45",201790,41,"All Occupations",9385620,0.0214999115668437
"794","New York","48",366470,41,"All Occupations",9385620,0.0390459021353944
"795","New York","49",138400,41,"All Occupations",9385620,0.0147459624404142
"796","New York","51",189740,41,"All Occupations",9385620,0.0202160326115909
"797","New York","52",360340,41,"All Occupations",9385620,0.038392775330772
"798","New York","53",437170,41,"All Occupations",9385620,0.0465787023126869
"799","New York","99",680440,41,"All Occupations",9385620,0.0724981407727992
"800","New York","71",255890,41,"All Occupations",9385620,0.0272640486190577
"801","New York","72",1676850,41,"All Occupations",9385620,0.178661612125784
"802","New York","81",478420,41,"All Occupations",9385620,0.0509737236325357
"803","North Carolina","32",172140,41,"All Occupations",4383210,0.0392725878979104
"804","North Carolina","33",174200,41,"All Occupations",4383210,0.0397425630987336
"805","North Carolina","42",208870,41,"All Occupations",4383210,0.0476522913572473
"806","North Carolina","44",558940,41,"All Occupations",4383210,0.127518416868003
"807","North Carolina","45",121340,41,"All Occupations",4383210,0.0276829081882912
"808","North Carolina","53",98480,41,"All Occupations",4383210,0.0224675523189626
"809","North Carolina","54",129570,41,"All Occupations",4383210,0.0295605275585701
"810","North Carolina","55",57390,41,"All Occupations",4383210,0.0130931440656505
"811","North Carolina","56",695600,41,"All Occupations",4383210,0.15869648043329
"812","North Carolina","61",167890,41,"All Occupations",4383210,0.038302978867086
"813","North Carolina","62",270250,41,"All Occupations",4383210,0.061655727195366
"814","North Carolina","71",119080,41,"All Occupations",4383210,0.027167304327194
"815","North Carolina","72",885640,41,"All Occupations",4383210,0.202052833425731
"816","North Carolina","81",162810,41,"All Occupations",4383210,0.0371440108961241
"817","North Carolina","48",235310,41,"All Occupations",4383210,0.0536844002454822
"818","North Carolina","49",82580,41,"All Occupations",4383210,0.0188400738271723
"819","North Carolina","51",46850,41,"All Occupations",4383210,0.0106885136692059
"820","North Carolina","52",132080,41,"All Occupations",4383210,0.0301331672450099
"821","North Carolina","11",11710,41,"All Occupations",4383210,0.00267155805904805
"822","North Carolina","21",4870,41,"All Occupations",4383210,0.00111105787767412
"823","North Carolina","22",24880,41,"All Occupations",4383210,0.00567620533809697
"824","North Carolina","23",506240,41,"All Occupations",4383210,0.11549526488578
"825","North Carolina","31",443220,41,"All Occupations",4383210,0.101117674033414
"826","North Carolina","99",278890,41,"All Occupations",4383210,0.0636268853192067
"827","North Dakota","72",68620,23,"All Occupations",416550,0.164734125555155
"828","North Dakota","81",12680,23,"All Occupations",416550,0.030440523346537
"829","North Dakota","45",7300,23,"All Occupations",416550,0.0175249069739527
"830","North Dakota","48",28500,23,"All Occupations",416550,0.0684191573640619
"831","North Dakota","49",3770,23,"All Occupations",416550,0.00905053414956188
"832","North Dakota","99",29670,23,"All Occupations",416550,0.0712279438242708
"833","North Dakota","11",740,23,"All Occupations",416550,0.0017764974192774
"834","North Dakota","21",35210,23,"All Occupations",416550,0.0845276677469692
"835","North Dakota","22",5750,23,"All Occupations",416550,0.013803865082223
"836","North Dakota","23",60520,23,"All Occupations",416550,0.145288680830633
"837","North Dakota","31",14100,23,"All Occupations",416550,0.0338494778537991
"838","North Dakota","32",3010,23,"All Occupations",416550,0.00722602328652023
"839","North Dakota","33",3440,23,"All Occupations",416550,0.00825831232745169
"840","North Dakota","42",31650,23,"All Occupations",416550,0.0759812747569319
"841","North Dakota","44",46310,23,"All Occupations",416550,0.11117512903613
"842","North Dakota","52",18720,23,"All Occupations",416550,0.0449405833633417
"843","North Dakota","53",8650,23,"All Occupations",416550,0.0207658144280399
"844","North Dakota","54",9840,23,"All Occupations",416550,0.023622614332013
"845","North Dakota","51",4280,23,"All Occupations",416550,0.0102748769655504
"846","North Dakota","56",24920,23,"All Occupations",416550,0.0598247509302605
"847","North Dakota","61",16530,23,"All Occupations",416550,0.0396831112711559
"848","North Dakota","62",28450,23,"All Occupations",416550,0.0682991237546513
"849","North Dakota","55",2970,23,"All Occupations",416550,0.00712999639899172
"850","North Dakota","71",10470,23,"All Occupations",416550,0.025135037810587
"851","Ohio","11",3300,41,"All Occupations",5416810,0.000609214648473917
"852","Ohio","21",20560,41,"All Occupations",5416810,0.00379559187049204
"853","Ohio","22",29970,41,"All Occupations",5416810,0.00553277667114039
"854","Ohio","51",65280,41,"All Occupations",5416810,0.0120513734098113
"855","Ohio","52",208620,41,"All Occupations",5416810,0.0385134424135238
"856","Ohio","53",106030,41,"All Occupations",5416810,0.0195742512659665
"857","Ohio","54",138070,41,"All Occupations",5416810,0.0254891716711496
"858","Ohio","23",508380,41,"All Occupations",5416810,0.0938522857549
"859","Ohio","31",490350,41,"All Occupations",5416810,0.090523758448238
"860","Ohio","32",233910,41,"All Occupations",5416810,0.0431822419468285
"861","Ohio","33",395760,41,"All Occupations",5416810,0.0730614512969811
"862","Ohio","42",278190,41,"All Occupations",5416810,0.0513567948663512
"863","Ohio","44",614060,41,"All Occupations",5416810,0.113361923346028
"864","Ohio","45",141050,41,"All Occupations",5416810,0.0260393109597715
"865","Ohio","48",309600,41,"All Occupations",5416810,0.0571554106568257
"866","Ohio","49",149810,41,"All Occupations",5416810,0.0276564989357205
"867","Ohio","62",372750,41,"All Occupations",5416810,0.068813563702622
"868","Ohio","55",89400,41,"All Occupations",5416810,0.016504178658657
"869","Ohio","56",732220,41,"All Occupations",5416810,0.135175499971385
"870","Ohio","61",197170,41,"All Occupations",5416810,0.0363996521938189
"871","Ohio","99",280550,41,"All Occupations",5416810,0.0517924756452599
"872","Ohio","71",122770,41,"All Occupations",5416810,0.0226646310282251
"873","Ohio","72",964930,41,"All Occupations",5416810,0.178136209318769
"874","Ohio","81",222620,41,"All Occupations",5416810,0.0410979894070495
"875","Oklahoma","53",30750,23,"All Occupations",1594370,0.0192866147757421
"876","Oklahoma","54",48840,23,"All Occupations",1594370,0.0306327891267397
"877","Oklahoma","55",13200,23,"All Occupations",1594370,0.00827913219641614
"878","Oklahoma","56",200950,23,"All Occupations",1594370,0.126037243550744
"879","Oklahoma","61",82990,23,"All Occupations",1594370,0.0520519076500436
"880","Oklahoma","11",1220,23,"All Occupations",1594370,0.000765192521183916
"881","Oklahoma","21",80790,23,"All Occupations",1594370,0.0506720522839742
"882","Oklahoma","22",14420,23,"All Occupations",1594370,0.00904432471760006
"883","Oklahoma","23",167930,23,"All Occupations",1594370,0.105326868920012
"884","Oklahoma","31",96340,23,"All Occupations",1594370,0.0604251208941463
"885","Oklahoma","62",81580,23,"All Occupations",1594370,0.05116754580179
"886","Oklahoma","71",52520,23,"All Occupations",1594370,0.032940910829983
"887","Oklahoma","72",331350,23,"All Occupations",1594370,0.207825034339582
"888","Oklahoma","81",49090,23,"All Occupations",1594370,0.030789590872884
"889","Oklahoma","99",151270,23,"All Occupations",1594370,0.0948776005569598
"890","Oklahoma","48",82320,23,"All Occupations",1594370,0.051631678970377
"891","Oklahoma","49",29870,23,"All Occupations",1594370,0.0187346726293144
"892","Oklahoma","51",17580,23,"All Occupations",1594370,0.0110262987888633
"893","Oklahoma","52",57280,23,"All Occupations",1594370,0.0359264160765694
"894","Oklahoma","32",26200,23,"All Occupations",1594370,0.0164328229959169
"895","Oklahoma","33",53320,23,"All Occupations",1594370,0.0334426764176446
"896","Oklahoma","42",64350,23,"All Occupations",1594370,0.0403607694575287
"897","Oklahoma","44",190350,23,"All Occupations",1594370,0.119388849514228
"898","Oklahoma","45",40520,23,"All Occupations",1594370,0.0254144270150592
"899","Oregon","32",59670,41,"All Occupations",1886090,0.031636878409832
"900","Oregon","33",52390,41,"All Occupations",1886090,0.0277770413925104
"901","Oregon","42",67240,41,"All Occupations",1886090,0.0356504726709754
"902","Oregon","31",142820,41,"All Occupations",1886090,0.0757227915953109
"903","Oregon","11",15390,41,"All Occupations",1886090,0.00815973787040915
"904","Oregon","21",3560,41,"All Occupations",1886090,0.00188750271726164
"905","Oregon","22",6580,41,"All Occupations",1886090,0.00348869884257909
"906","Oregon","23",216840,41,"All Occupations",1886090,0.114968002587363
"907","Oregon","55",23280,41,"All Occupations",1886090,0.0123429952971491
"908","Oregon","56",208750,41,"All Occupations",1886090,0.110678705682125
"909","Oregon","61",66440,41,"All Occupations",1886090,0.035226314756984
"910","Oregon","62",113080,41,"All Occupations",1886090,0.0599547211426814
"911","Oregon","71",32490,41,"All Occupations",1886090,0.0172261132819749
"912","Oregon","44",227040,41,"All Occupations",1886090,0.120376015990753
"913","Oregon","45",50890,41,"All Occupations",1886090,0.0269817453037766
"914","Oregon","48",88910,41,"All Occupations",1886090,0.0471398501662169
"915","Oregon","49",31190,41,"All Occupations",1886090,0.0165368566717389
"916","Oregon","51",21600,41,"All Occupations",1886090,0.0114522636777672
"917","Oregon","52",46990,41,"All Occupations",1886090,0.0249139754730686
"918","Oregon","53",42250,41,"All Occupations",1886090,0.0224008398326697
"919","Oregon","54",47100,41,"All Occupations",1886090,0.0249722971862424
"920","Oregon","72",355150,41,"All Occupations",1886090,0.188299603942548
"921","Oregon","81",81150,41,"All Occupations",1886090,0.0430255184005005
"922","Oregon","99",117750,41,"All Occupations",1886090,0.0624307429656061
"923","Pennsylvania","33",245780,41,"All Occupations",5847690,0.0420302717825329
"924","Pennsylvania","48",388740,41,"All Occupations",5847690,0.0664775321537222
"925","Pennsylvania","42",275750,41,"All Occupations",5847690,0.0471553724633146
"926","Pennsylvania","44",720440,41,"All Occupations",5847690,0.123200785267345
"927","Pennsylvania","45",147160,41,"All Occupations",5847690,0.0251654926988264
"928","Pennsylvania","53",116960,41,"All Occupations",5847690,0.0200010602477218
"929","Pennsylvania","54",208440,41,"All Occupations",5847690,0.0356448443744453
"930","Pennsylvania","55",90300,41,"All Occupations",5847690,0.0154419950441969
"931","Pennsylvania","56",777660,41,"All Occupations",5847690,0.132985845692915
"932","Pennsylvania","61",254940,41,"All Occupations",5847690,0.04359670228757
"933","Pennsylvania","62",478610,41,"All Occupations",5847690,0.0818459938881849
"934","Pennsylvania","71",151700,41,"All Occupations",5847690,0.0259418676434626
"935","Pennsylvania","72",956030,41,"All Occupations",5847690,0.163488488616873
"936","Pennsylvania","81",289510,41,"All Occupations",5847690,0.0495084383748113
"937","Pennsylvania","99",335780,41,"All Occupations",5847690,0.0574209645176129
"938","Pennsylvania","49",179310,41,"All Occupations",5847690,0.0306633901591911
"939","Pennsylvania","51",86160,41,"All Occupations",5847690,0.0147340231783833
"940","Pennsylvania","52",270210,41,"All Occupations",5847690,0.0462079898216219
"941","Pennsylvania","11",5680,41,"All Occupations",5847690,0.000971323719280605
"942","Pennsylvania","21",46520,41,"All Occupations",5847690,0.0079552780670658
"943","Pennsylvania","22",38220,41,"All Occupations",5847690,0.00653591418149731
"944","Pennsylvania","23",547850,41,"All Occupations",5847690,0.0936865668323731
"945","Pennsylvania","31",436520,41,"All Occupations",5847690,0.0746482799190792
"946","Pennsylvania","32",190260,41,"All Occupations",5847690,0.0325359244419591
"947","Puerto Rico","33",9600,NA,NA,NA,NA
"948","Puerto Rico","42",28790,NA,NA,NA,NA
"949","Puerto Rico","44",160080,NA,NA,NA,NA
"950","Puerto Rico","45",24920,NA,NA,NA,NA
"951","Puerto Rico","48",21420,NA,NA,NA,NA
"952","Puerto Rico","49",6560,NA,NA,NA,NA
"953","Puerto Rico","51",15510,NA,NA,NA,NA
"954","Puerto Rico","21",630,NA,NA,NA,NA
"955","Puerto Rico","23",51900,NA,NA,NA,NA
"956","Puerto Rico","31",59510,NA,NA,NA,NA
"957","Puerto Rico","32",20470,NA,NA,NA,NA
"958","Puerto Rico","52",29240,NA,NA,NA,NA
"959","Puerto Rico","62",46710,NA,NA,NA,NA
"960","Puerto Rico","61",52900,NA,NA,NA,NA
"961","Puerto Rico","99",160920,NA,NA,NA,NA
"962","Puerto Rico","71",2700,NA,NA,NA,NA
"963","Puerto Rico","72",148820,NA,NA,NA,NA
"964","Puerto Rico","81",17450,NA,NA,NA,NA
"965","Puerto Rico","53",20600,NA,NA,NA,NA
"966","Puerto Rico","54",22520,NA,NA,NA,NA
"967","Puerto Rico","55",10920,NA,NA,NA,NA
"968","Puerto Rico","56",190390,NA,NA,NA,NA
"969","Rhode Island","21",90,19,"All Occupations",482030,0.000186710370723814
"970","Rhode Island","22",880,19,"All Occupations",482030,0.00182561251374396
"971","Rhode Island","23",35740,19,"All Occupations",482030,0.0741447627741012
"972","Rhode Island","31",21340,19,"All Occupations",482030,0.044271103458291
"973","Rhode Island","32",4920,19,"All Occupations",482030,0.0102068335995685
"974","Rhode Island","33",11670,19,"All Occupations",482030,0.0242101114038545
"975","Rhode Island","42",12730,19,"All Occupations",482030,0.0264091446590461
"976","Rhode Island","44",53490,19,"All Occupations",482030,0.110968197000187
"977","Rhode Island","45",11090,19,"All Occupations",482030,0.0230068667925233
"978","Rhode Island","48",12320,19,"All Occupations",482030,0.0255585751924154
"979","Rhode Island","49",5500,19,"All Occupations",482030,0.0114100782108997
"980","Rhode Island","51",3860,19,"All Occupations",482030,0.00800780034437691
"981","Rhode Island","52",14900,19,"All Occupations",482030,0.0309109391531647
"982","Rhode Island","53",10340,19,"All Occupations",482030,0.0214509470364915
"983","Rhode Island","54",9190,19,"All Occupations",482030,0.0190652034105761
"984","Rhode Island","55",5640,19,"All Occupations",482030,0.011700516565359
"985","Rhode Island","56",62390,19,"All Occupations",482030,0.129431778105097
"986","Rhode Island","61",19120,19,"All Occupations",482030,0.0396655809804369
"987","Rhode Island","62",33470,19,"All Occupations",482030,0.0694355123125117
"988","Rhode Island","71",7710,19,"All Occupations",482030,0.0159948550920067
"989","Rhode Island","72",106080,19,"All Occupations",482030,0.220069290293135
"990","Rhode Island","81",19210,19,"All Occupations",482030,0.0398522913511607
"991","Rhode Island","99",20060,19,"All Occupations",482030,0.0416156670746634
"992","South Carolina","11",6240,41,"All Occupations",2062280,0.00302577729503268
"993","South Carolina","21",2230,41,"All Occupations",2062280,0.00108132746280815
"994","South Carolina","22",16870,41,"All Occupations",2062280,0.00818026650115406
"995","South Carolina","23",224780,41,"All Occupations",2062280,0.108995868650232
"996","South Carolina","31",190110,41,"All Occupations",2062280,0.092184378454914
"997","South Carolina","32",94350,41,"All Occupations",2062280,0.0457503345811432
"998","South Carolina","33",73520,41,"All Occupations",2062280,0.0356498632581415
"999","South Carolina","42",81540,41,"All Occupations",2062280,0.0395387629225905
"1000","South Carolina","44",284630,41,"All Occupations",2062280,0.138017146071339
"1001","South Carolina","45",66780,41,"All Occupations",2062280,0.0323816358593401
"1002","South Carolina","48",103910,41,"All Occupations",2062280,0.0503859805651997
"1003","South Carolina","49",51020,41,"All Occupations",2062280,0.0247396085885525
"1004","South Carolina","51",28240,41,"All Occupations",2062280,0.013693581860853
"1005","South Carolina","52",67720,41,"All Occupations",2062280,0.0328374420544252
"1006","South Carolina","53",45390,41,"All Occupations",2062280,0.0220096204201175
"1007","South Carolina","54",61960,41,"All Occupations",2062280,0.0300444168590104
"1008","South Carolina","55",18450,41,"All Occupations",2062280,0.00894640882906298
"1009","South Carolina","56",401390,41,"All Occupations",2062280,0.194634094303392
"1010","South Carolina","61",87150,41,"All Occupations",2062280,0.0422590530868747
"1011","South Carolina","62",107550,41,"All Occupations",2062280,0.0521510173206354
"1012","South Carolina","71",52430,41,"All Occupations",2062280,0.0254233178811801
"1013","South Carolina","72",448060,41,"All Occupations",2062280,0.217264386989158
"1014","South Carolina","81",78910,41,"All Occupations",2062280,0.0382634753767675
"1015","South Carolina","99",118190,41,"All Occupations",2062280,0.0573103555288322
"1016","South Dakota","11",780,41,"All Occupations",422310,0.00184698444270796
"1017","South Dakota","21",850,41,"All Occupations",422310,0.00201273945679714
"1018","South Dakota","22",3590,41,"All Occupations",422310,0.00850086429400204
"1019","South Dakota","23",47540,41,"All Occupations",422310,0.112571333854278
"1020","South Dakota","31",42680,41,"All Occupations",422310,0.101063200018943
"1021","South Dakota","32",7280,41,"All Occupations",422310,0.0172385214652743
"1022","South Dakota","33",12870,41,"All Occupations",422310,0.0304752433046814
"1023","South Dakota","42",28210,41,"All Occupations",422310,0.066799270677938
"1024","South Dakota","44",54290,41,"All Occupations",422310,0.12855485307002
"1025","South Dakota","45",7490,41,"All Occupations",422310,0.0177357865075419
"1026","South Dakota","48",18900,41,"All Occupations",422310,0.0447538538040776
"1027","South Dakota","49",4810,41,"All Occupations",422310,0.0113897373966991
"1028","South Dakota","51",6030,41,"All Occupations",422310,0.0142786104993962
"1029","South Dakota","52",25740,41,"All Occupations",422310,0.0609504866093628
"1030","South Dakota","53",6670,41,"All Occupations",422310,0.0157940849139258
"1031","South Dakota","54",5960,41,"All Occupations",422310,0.014112855485307
"1032","South Dakota","55",3240,41,"All Occupations",422310,0.00767208922355616
"1033","South Dakota","56",28660,41,"All Occupations",422310,0.0678648386256541
"1034","South Dakota","61",21050,41,"All Occupations",422310,0.049844900665388
"1035","South Dakota","62",38710,41,"All Occupations",422310,0.0916625227913144
"1036","South Dakota","71",12600,41,"All Occupations",422310,0.0298359025360517
"1037","South Dakota","72",89660,41,"All Occupations",422310,0.212308493760508
"1038","South Dakota","81",14470,41,"All Occupations",422310,0.0342639293410054
"1039","South Dakota","99",37260,41,"All Occupations",422310,0.0882290260708958
"1040","Tennessee","11",2500,41,"All Occupations",2956920,0.000845474344926478
"1041","Tennessee","21",4260,41,"All Occupations",2956920,0.00144068828375472
"1042","Tennessee","22",5840,41,"All Occupations",2956920,0.00197502806974825
"1043","Tennessee","23",268860,41,"All Occupations",2956920,0.0909256929507731
"1044","Tennessee","31",241770,41,"All Occupations",2956920,0.0817641329491498
"1045","Tennessee","32",98280,41,"All Occupations",2956920,0.0332372874477497
"1046","Tennessee","33",135340,41,"All Occupations",2956920,0.0457705991369398
"1047","Tennessee","42",134660,41,"All Occupations",2956920,0.0455406301151198
"1048","Tennessee","44",362470,41,"All Occupations",2956920,0.1225836343222
"1049","Tennessee","45",88860,41,"All Occupations",2956920,0.0300515401160667
"1050","Tennessee","48",239660,41,"All Occupations",2956920,0.0810505526020318
"1051","Tennessee","49",120740,41,"All Occupations",2956920,0.0408330289625692
"1052","Tennessee","51",37570,41,"All Occupations",2956920,0.0127057884555551
"1053","Tennessee","52",113380,41,"All Occupations",2956920,0.0383439524911056
"1054","Tennessee","53",59230,41,"All Occupations",2956920,0.0200309781799981
"1055","Tennessee","54",79880,41,"All Occupations",2956920,0.0270145962690908
"1056","Tennessee","55",32190,41,"All Occupations",2956920,0.0108863276652733
"1057","Tennessee","56",515780,41,"All Occupations",2956920,0.174431503050471
"1058","Tennessee","61",112070,41,"All Occupations",2956920,0.0379009239343641
"1059","Tennessee","62",185340,41,"All Occupations",2956920,0.0626800860354693
"1060","Tennessee","71",49180,41,"All Occupations",2956920,0.0166321713133937
"1061","Tennessee","72",675640,41,"All Occupations",2956920,0.22849451456245
"1062","Tennessee","81",96470,41,"All Occupations",2956920,0.0326251640220229
"1063","Tennessee","99",190720,41,"All Occupations",2956920,0.0644995468257511
"1064","Texas","11",20290,41,"All Occupations",12113810,0.00167494784877755
"1065","Texas","21",400020,41,"All Occupations",12113810,0.0330218155972398
"1066","Texas","22",86140,41,"All Occupations",12113810,0.00711089244424339
"1067","Texas","23",1671510,41,"All Occupations",12113810,0.137983838280442
"1068","Texas","31",646700,41,"All Occupations",12113810,0.0533853510992826
"1069","Texas","32",277480,41,"All Occupations",12113810,0.0229060881753965
"1070","Texas","33",382270,41,"All Occupations",12113810,0.0315565457936025
"1071","Texas","42",687050,41,"All Occupations",12113810,0.056716260202199
"1072","Texas","44",1532410,41,"All Occupations",12113810,0.126501076044614
"1073","Texas","45",275630,41,"All Occupations",12113810,0.0227533699141723
"1074","Texas","48",771240,41,"All Occupations",12113810,0.0636661793440709
"1075","Texas","49",214690,41,"All Occupations",12113810,0.0177227478390366
"1076","Texas","51",217730,41,"All Occupations",12113810,0.0179737010899131
"1077","Texas","52",547280,41,"All Occupations",12113810,0.045178189190684
"1078","Texas","53",403980,41,"All Occupations",12113810,0.033348715226671
"1079","Texas","54",533880,41,"All Occupations",12113810,0.0440720136769522
"1080","Texas","55",100800,41,"All Occupations",12113810,0.00832108147643062
"1081","Texas","56",1868990,41,"All Occupations",12113810,0.154285893538036
"1082","Texas","61",591720,41,"All Occupations",12113810,0.0488467294765231
"1083","Texas","62",629810,41,"All Occupations",12113810,0.0519910746495116
"1084","Texas","71",222790,41,"All Occupations",12113810,0.0183914061719641
"1085","Texas","72",2414520,41,"All Occupations",12113810,0.199319619508643
"1086","Texas","81",490910,41,"All Occupations",12113810,0.0405248224959777
"1087","Texas","99",599640,41,"All Occupations",12113810,0.0495005287353855
"1088","Utah","11",180,23,"All Occupations",1455910,0.000123634015838891
"1089","Utah","21",12460,23,"All Occupations",1455910,0.00855822131862546
"1090","Utah","22",5320,23,"All Occupations",1455910,0.00365407202368278
"1091","Utah","23",230530,23,"All Occupations",1455910,0.158340831507442
"1092","Utah","31",87810,23,"All Occupations",1455910,0.0603127940600724
"1093","Utah","32",27250,23,"All Occupations",1455910,0.018716816286721
"1094","Utah","33",42790,23,"All Occupations",1455910,0.0293905529874786
"1095","Utah","42",43160,23,"All Occupations",1455910,0.0296446895755919
"1096","Utah","44",161900,23,"All Occupations",1455910,0.111201928690647
"1097","Utah","45",40590,23,"All Occupations",1455910,0.02787947057167
"1098","Utah","48",81500,23,"All Occupations",1455910,0.0559787349492757
"1099","Utah","49",28650,23,"All Occupations",1455910,0.0196784141876902
"1100","Utah","51",25330,23,"All Occupations",1455910,0.0173980534511062
"1101","Utah","52",60880,23,"All Occupations",1455910,0.0418157715792872
"1102","Utah","53",29390,23,"All Occupations",1455910,0.0201866873639167
"1103","Utah","54",53770,23,"All Occupations",1455910,0.036932227953651
"1104","Utah","55",11190,23,"All Occupations",1455910,0.00768591465131773
"1105","Utah","56",190410,23,"All Occupations",1455910,0.13078418308824
"1106","Utah","61",72270,23,"All Occupations",1455910,0.0496390573593148
"1107","Utah","62",63320,23,"All Occupations",1455910,0.0434916993495477
"1108","Utah","71",29370,23,"All Occupations",1455910,0.0201729502510457
"1109","Utah","72",215300,23,"All Occupations",1455910,0.147880020056185
"1110","Utah","81",51390,23,"All Occupations",1455910,0.0352975115220034
"1111","Utah","99",95770,23,"All Occupations",1455910,0.0657801649827256
"1112","Vermont","11",270,23,"All Occupations",305210,0.000884636807444055
"1113","Vermont","21",120,23,"All Occupations",305210,0.00039317191441958
"1114","Vermont","22",1410,23,"All Occupations",305210,0.00461976999443006
"1115","Vermont","23",25890,23,"All Occupations",305210,0.0848268405360244
"1116","Vermont","31",18050,23,"All Occupations",305210,0.0591396087939452
"1117","Vermont","32",4260,23,"All Occupations",305210,0.0139576029618951
"1118","Vermont","33",3500,23,"All Occupations",305210,0.0114675141705711
"1119","Vermont","42",7270,23,"All Occupations",305210,0.0238196651485862
"1120","Vermont","44",44570,23,"All Occupations",305210,0.146030601880672
"1121","Vermont","45",6400,23,"All Occupations",305210,0.0209691687690443
"1122","Vermont","48",6730,23,"All Occupations",305210,0.0220503915336981
"1123","Vermont","49",3020,23,"All Occupations",305210,0.00989482651289276
"1124","Vermont","51",2170,23,"All Occupations",305210,0.00710985878575407
"1125","Vermont","52",6710,23,"All Occupations",305210,0.0219848628812948
"1126","Vermont","53",4220,23,"All Occupations",305210,0.0138265456570886
"1127","Vermont","54",4380,23,"All Occupations",305210,0.0143507748763147
"1128","Vermont","55",750,23,"All Occupations",305210,0.00245732446512237
"1129","Vermont","56",18520,23,"All Occupations",305210,0.0606795321254218
"1130","Vermont","61",14570,23,"All Occupations",305210,0.0477376232757773
"1131","Vermont","62",16740,23,"All Occupations",305210,0.0548474820615314
"1132","Vermont","71",3630,23,"All Occupations",305210,0.0118934504111923
"1133","Vermont","72",58030,23,"All Occupations",305210,0.190131384948069
"1134","Vermont","81",7540,23,"All Occupations",305210,0.0247043019560303
"1135","Vermont","99",16140,23,"All Occupations",305210,0.0528816224894335
"1136","Virgin Islands","23",2740,27,"All Occupations",32290,0.0848559925673583
"1137","Virgin Islands","44",3490,27,"All Occupations",32290,0.108082997832146
"1138","Virgin Islands","45",80,27,"All Occupations",32290,0.00247754722824404
"1139","Virgin Islands","48",840,27,"All Occupations",32290,0.0260142458965624
"1140","Virgin Islands","49",240,27,"All Occupations",32290,0.00743264168473212
"1141","Virgin Islands","51",100,27,"All Occupations",32290,0.00309693403530505
"1142","Virgin Islands","52",250,27,"All Occupations",32290,0.00774233508826262
"1143","Virgin Islands","53",1070,27,"All Occupations",32290,0.033137194177764
"1144","Virgin Islands","54",480,27,"All Occupations",32290,0.0148652833694642
"1145","Virgin Islands","56",4740,27,"All Occupations",32290,0.146794673273459
"1146","Virgin Islands","61",1170,27,"All Occupations",32290,0.0362341282130691
"1147","Virgin Islands","62",490,27,"All Occupations",32290,0.0151749767729947
"1148","Virgin Islands","71",50,27,"All Occupations",32290,0.00154846701765252
"1149","Virgin Islands","72",7800,27,"All Occupations",32290,0.241560854753794
"1150","Virgin Islands","81",540,27,"All Occupations",32290,0.0167234437906473
"1151","Virgin Islands","99",860,27,"All Occupations",32290,0.0266336327036234
"1152","Virginia","11",5980,41,"All Occupations",3832840,0.00156020079105833
"1153","Virginia","21",11320,41,"All Occupations",3832840,0.00295342357103349
"1154","Virginia","22",16810,41,"All Occupations",3832840,0.00438578182235627
"1155","Virginia","23",433790,41,"All Occupations",3832840,0.113177174105885
"1156","Virginia","31",198980,41,"All Occupations",3832840,0.0519145072583254
"1157","Virginia","32",80520,41,"All Occupations",3832840,0.0210079210194008
"1158","Virginia","33",69000,41,"All Occupations",3832840,0.0180023168199038
"1159","Virginia","42",110300,41,"All Occupations",3832840,0.0287776165976143
"1160","Virginia","44",452610,41,"All Occupations",3832840,0.118087371244299
"1161","Virginia","45",109830,41,"All Occupations",3832840,0.0286549921207251
"1162","Virginia","48",182330,41,"All Occupations",3832840,0.0475704699387399
"1163","Virginia","49",68860,41,"All Occupations",3832840,0.0179657903799793
"1164","Virginia","51",55850,41,"All Occupations",3832840,0.0145714404984294
"1165","Virginia","52",113570,41,"All Occupations",3832840,0.0296307698729923
"1166","Virginia","53",91800,41,"All Occupations",3832840,0.0239509084647416
"1167","Virginia","54",174480,41,"All Occupations",3832840,0.045522380271548
"1168","Virginia","55",47100,41,"All Occupations",3832840,0.0122885380031517
"1169","Virginia","56",554690,41,"All Occupations",3832840,0.144720364012064
"1170","Virginia","61",156540,41,"All Occupations",3832840,0.040841777898373
"1171","Virginia","62",213730,41,"All Occupations",3832840,0.0557628286075077
"1172","Virginia","71",67930,41,"All Occupations",3832840,0.0177231504576241
"1173","Virginia","72",769700,41,"All Occupations",3832840,0.200817148641738
"1174","Virginia","81",176330,41,"All Occupations",3832840,0.0460050510848353
"1175","Virginia","99",235600,41,"All Occupations",3832840,0.0614687803299903
"1176","Washington","11",35940,41,"All Occupations",3259150,0.0110274151235752
"1177","Washington","21",3320,41,"All Occupations",3259150,0.00101867051225013
"1178","Washington","22",7760,41,"All Occupations",3259150,0.0023809889081509
"1179","Washington","23",460520,41,"All Occupations",3259150,0.141300645873924
"1180","Washington","31",205020,41,"All Occupations",3259150,0.0629059724161208
"1181","Washington","32",61390,41,"All Occupations",3259150,0.018836199622601
"1182","Washington","33",94270,41,"All Occupations",3259150,0.0289247196354878
"1183","Washington","42",151970,41,"All Occupations",3259150,0.0466287222128469
"1184","Washington","44",373380,41,"All Occupations",3259150,0.114563613212034
"1185","Washington","45",79660,41,"All Occupations",3259150,0.0244419557246521
"1186","Washington","48",148880,41,"All Occupations",3259150,0.0456806222481322
"1187","Washington","49",42610,41,"All Occupations",3259150,0.0130739610021018
"1188","Washington","51",50430,41,"All Occupations",3259150,0.0154733596183054
"1189","Washington","52",79290,41,"All Occupations",3259150,0.0243284291916604
"1190","Washington","53",98820,41,"All Occupations",3259150,0.0303207891628185
"1191","Washington","54",75810,41,"All Occupations",3259150,0.023260666124603
"1192","Washington","55",24810,41,"All Occupations",3259150,0.00761241427979688
"1193","Washington","56",350420,41,"All Occupations",3259150,0.107518831597196
"1194","Washington","61",119650,41,"All Occupations",3259150,0.0367120261417854
"1195","Washington","62",222290,41,"All Occupations",3259150,0.0682049000506267
"1196","Washington","71",93150,41,"All Occupations",3259150,0.0285810717518371
"1197","Washington","72",576730,41,"All Occupations",3259150,0.176957182087354
"1198","Washington","81",123710,41,"All Occupations",3259150,0.037957749720019
"1199","Washington","99",237520,41,"All Occupations",3259150,0.0728778976113404
"1200","West Virginia","11",2040,29,"All Occupations",696620,0.0029284258275674
"1201","West Virginia","21",39000,29,"All Occupations",696620,0.0559846114093767
"1202","West Virginia","22",8130,29,"All Occupations",696620,0.0116706382245701
"1203","West Virginia","23",89940,29,"All Occupations",696620,0.129109126927163
"1204","West Virginia","31",31480,29,"All Occupations",696620,0.0451896299273636
"1205","West Virginia","32",19440,29,"All Occupations",696620,0.0279061755332893
"1206","West Virginia","33",12330,29,"All Occupations",696620,0.0176997502225029
"1207","West Virginia","42",25710,29,"All Occupations",696620,0.0369067784444891
"1208","West Virginia","44",90080,29,"All Occupations",696620,0.129310097327094
"1209","West Virginia","45",14960,29,"All Occupations",696620,0.0214751227354942
"1210","West Virginia","48",30260,29,"All Occupations",696620,0.0434383164422497
"1211","West Virginia","49",10080,29,"All Occupations",696620,0.0144698687950389
"1212","West Virginia","51",5960,29,"All Occupations",696620,0.00855559702563808
"1213","West Virginia","52",22330,29,"All Occupations",696620,0.0320547787890098
"1214","West Virginia","53",9770,29,"All Occupations",696620,0.0140248629094772
"1215","West Virginia","54",18610,29,"All Occupations",696620,0.0267147081622692
"1216","West Virginia","55",5370,29,"All Occupations",696620,0.00770865034021418
"1217","West Virginia","56",74640,29,"All Occupations",696620,0.107145933220407
"1218","West Virginia","61",33790,29,"All Occupations",696620,0.0485056415262266
"1219","West Virginia","62",63180,29,"All Occupations",696620,0.0906950704831903
"1220","West Virginia","71",11400,29,"All Occupations",696620,0.0163647325658178
"1221","West Virginia","72",115760,29,"All Occupations",696620,0.166173810685883
"1222","West Virginia","81",23780,29,"All Occupations",696620,0.0341362579311533
"1223","West Virginia","99",74320,29,"All Occupations",696620,0.106686572306279
"1224","Wisconsin","11",5560,41,"All Occupations",2848560,0.00195186339764653
"1225","Wisconsin","21",4710,41,"All Occupations",2848560,0.0016534670149128
"1226","Wisconsin","22",14560,41,"All Occupations",2848560,0.00511135450894487
"1227","Wisconsin","23",281360,41,"All Occupations",2848560,0.0987727132305446
"1228","Wisconsin","31",374160,41,"All Occupations",2848560,0.13135057713371
"1229","Wisconsin","32",168750,41,"All Occupations",2848560,0.0592404583368439
"1230","Wisconsin","33",177330,41,"All Occupations",2848560,0.062252506529615
"1231","Wisconsin","42",164480,41,"All Occupations",2848560,0.0577414553318168
"1232","Wisconsin","44",333950,41,"All Occupations",2848560,0.117234672957565
"1233","Wisconsin","45",80270,41,"All Occupations",2848560,0.028179150167102
"1234","Wisconsin","48",166960,41,"All Occupations",2848560,0.0586120706602634
"1235","Wisconsin","49",42850,41,"All Occupations",2848560,0.0150426882354593
"1236","Wisconsin","51",35040,41,"All Occupations",2848560,0.0123009520599882
"1237","Wisconsin","52",126550,41,"All Occupations",2848560,0.0444259555705339
"1238","Wisconsin","53",47230,41,"All Occupations",2848560,0.0165803072429578
"1239","Wisconsin","54",68500,41,"All Occupations",2848560,0.0240472379026596
"1240","Wisconsin","55",47250,41,"All Occupations",2848560,0.0165873283343163
"1241","Wisconsin","56",344570,41,"All Occupations",2848560,0.120962872468897
"1242","Wisconsin","61",99290,41,"All Occupations",2848560,0.0348562080489791
"1243","Wisconsin","62",165320,41,"All Occupations",2848560,0.0580363411688713
"1244","Wisconsin","71",70670,41,"All Occupations",2848560,0.0248090263150504
"1245","Wisconsin","72",504870,41,"All Occupations",2848560,0.177236919706799
"1246","Wisconsin","81",106920,41,"All Occupations",2848560,0.0375347544022243
"1247","Wisconsin","99",149550,41,"All Occupations",2848560,0.0525002106327408
"1248","Wyoming","11",120,23,"All Occupations",269320,0.000445566612208525
"1249","Wyoming","21",36650,23,"All Occupations",269320,0.136083469478687
"1250","Wyoming","22",3650,23,"All Occupations",269320,0.0135526511213426
"1251","Wyoming","23",43900,23,"All Occupations",269320,0.163003118966285
"1252","Wyoming","31",5240,23,"All Occupations",269320,0.0194564087331056
"1253","Wyoming","32",2440,23,"All Occupations",269320,0.00905985444824001
"1254","Wyoming","33",1270,23,"All Occupations",269320,0.00471557997920689
"1255","Wyoming","42",11110,23,"All Occupations",269320,0.041252042180306
"1256","Wyoming","44",31850,23,"All Occupations",269320,0.118260804990346
"1257","Wyoming","45",5350,23,"All Occupations",269320,0.0198648447942967
"1258","Wyoming","48",20400,23,"All Occupations",269320,0.0757463240754493
"1259","Wyoming","49",2300,23,"All Occupations",269320,0.00854002673399673
"1260","Wyoming","51",3130,23,"All Occupations",269320,0.011621862468439
"1261","Wyoming","52",5370,23,"All Occupations",269320,0.0199391058963315
"1262","Wyoming","53",6980,23,"All Occupations",269320,0.0259171246101292
"1263","Wyoming","54",5830,23,"All Occupations",269320,0.0216471112431308
"1264","Wyoming","55",330,23,"All Occupations",269320,0.00122530818357344
"1265","Wyoming","56",18210,23,"All Occupations",269320,0.0676147334026437
"1266","Wyoming","61",13560,23,"All Occupations",269320,0.0503490271795633
"1267","Wyoming","62",11360,23,"All Occupations",269320,0.0421803059557404
"1268","Wyoming","71",2920,23,"All Occupations",269320,0.0108421208970741
"1269","Wyoming","72",67470,23,"All Occupations",269320,0.250519827714243
"1270","Wyoming","81",9420,23,"All Occupations",269320,0.0349769790583692
"1271","Wyoming","99",25560,23,"All Occupations",269320,0.0949056884004159
